Timestamp QTM,x,y,z,vx,vy,vz,Yaw,ref x,ref y,ref z,ref vx,ref vy,ref vz,Thrust controller,Roll controller,Pitch controller,Roll drone,Pitch drone,Yaw drone,Thrust drone,Comp time,Timestamp Crazyflie,stabilizer.roll,stabilizer.pitch,stabilizer.yaw,
753180000,0.07450302124023438,0.020106809616088867,0.026625663757324218,0.0017494201660146758,0.001254081726074531,-0.00025911331176780433,0,0,0,0,0,0,0,1.7097876462201023,0.03761645835966153,-0.05726566367295282,2.1552643042382096,-3.281080839475833,0.0,46049,0.109375,133325,-1.4295239448547363,-1.4172449111938477,-1.4168041944503784,
753320000,0.07427545166015626,0.01995504379272461,0.026816476821899415,-0.00938148498534977,-0.003918266296386308,0.008467960357665984,0,-0.011,-0.011,0.02,0,0,0,1.7211177231475931,0.041089428900667725,-0.06011998857263861,2.3542508586111306,-3.444621609586931,0.0,46243,0.046875,133475,-1.4149727821350098,-1.6017619371414185,-1.2081211805343628,
753470000,0.07251188659667969,0.01857167434692383,0.028242826461791992,-0.017670822143555504,-0.025502777099608784,0.01780490875244161,0,-0.023,-0.023,0.04,0,0,0,1.7259619696306108,0.040810308057399595,-0.06032455276877853,2.3382584123177343,-3.4563422746652344,0.0,46325,0.046875,133615,1.594231367111206,-0.1155681386590004,-1.8644754886627197,
753610000,0.06351836013793945,0.01352225112915039,0.031596317291259765,-0.1254644393920923,-0.057475185394287226,0.017264938354492713,0,-0.034,-0.034,0.06,0,0,0,1.7308382134487066,0.03665423077598414,-0.04421725518629645,2.1001327247624237,-2.533462103827737,0.0,46409,0.015625,133765,2.5668089389801025,5.034397602081299,-4.610733985900879,
753750000,0.03291669082641602,0.0023907532691955567,0.039084117889404295,-0.2900318145751951,-0.0907874822616577,0.062823486328124,0,-0.046,-0.046,0.08,0,0,0,1.7278341096840781,0.028373329078117158,0.000814123526663486,1.625672006911928,0.04664584208012409,0.0,46357,0.0625,133905,2.1678223609924316,5.3525824546813965,-6.353317737579346,
753900000,-0.018379484176635742,-0.012776803970336915,0.04831283187866211,-0.44277596473693837,-0.12359938621521016,0.06246376037597583,0,-0.057,-0.057,0.1,0,0,0,1.73176971817964,0.015982028488193335,0.05665131667437085,0.9157027804313257,3.2458813493005563,0.0,46425,0.046875,134055,1.5887224674224854,3.631478786468506,-6.51195764541626,
754040000,-0.08431976318359374,-0.0317290153503418,0.05679355239868164,-0.488862991333007,-0.14798622131347616,0.05210285186767645,0,-0.069,-0.069,0.12,0,0,0,1.7415043937259553,0.009935622837141908,0.09506950264234831,0.5692692554020281,5.447081261814386,0.0,46591,0.046875,134195,0.27786508202552795,-1.7226874828338623,-6.223799228668213,
754180000,-0.15587660217285157,-0.05687886047363281,0.06136240768432617,-0.45590362548828395,-0.1831548690795895,0.008505821228027219,0,-0.08,-0.08,0.14,0,0,0,1.7706516157977898,-0.004824240110775226,0.11069156688593002,-0.2764085977051452,6.342159610253851,0.0,47089,0.046875,134335,-0.2452976405620575,-4.78707218170166,-5.9996209144592285,
754330000,-0.212898681640625,-0.08711964416503906,0.06166873931884766,-0.35297546386718615,-0.2422256469726554,-0.014304351806640817,0,-0.091,-0.091,0.16,0,0,0,1.7773455686382436,-0.02392464300422671,0.10668219335908702,-1.370781070499381,6.112439428674264,0.0,47203,0.03125,134485,-0.23573140799999237,-6.67132568359375,-5.689889907836914,
754470000,-0.25532554626464843,-0.12737054443359375,0.058963329315185546,-0.19540405273437422,-0.2993747711181639,-0.039157676696777166,0,-0.103,-0.103,0.18,0,0,0,1.8026887857256964,-0.04665830386932505,0.0818195356397014,-2.673323890951244,4.687914073875112,0.0,47636,0.046875,134635,-1.2598716020584106,-6.646023273468018,-5.372077941894531,
754620000,-0.27435205078125,-0.16906436157226562,0.054702133178710935,-0.07086944580078358,-0.3019287109374977,-0.03464183807373143,0,-0.114,-0.114,0.2,0,0,0,1.8187736415218536,-0.0624280062613539,0.047864461986988543,-3.5768612821918557,2.742431660518806,0.0,47910,0.046875,134775,-2.1081697940826416,-5.943487167358398,-5.309142112731934,
754780000,-0.2726611328125,-0.21707991027832033,0.0504414176940918,0.08043670654297175,-0.29405746459960913,-0.025627326965331487,0,-0.126,-0.126,0.22,0,0,0,1.8303130393219325,-0.06750075585111152,0.014966769784509192,-3.867508424211687,0.8575327415963012,0.0,48107,0.0625,134935,-2.931633949279785,-4.455840587615967,-5.38560152053833,
754910000,-0.2539099884033203,-0.2577144775390625,0.050594188690185546,0.16628952026366828,-0.24717330932617076,0.010739517211913463,0,-0.137,-0.137,0.24,0,0,0,1.8232581664770222,-0.07034861866428214,-0.02189041000494175,-4.030678944038618,-1.2542281050941138,0.0,47987,0.0625,135085,-3.562124252319336,-2.5829155445098877,-5.973694801330566,
755070000,-0.22886471557617188,-0.28863433837890623,0.05509348678588867,0.18169860839843538,-0.205349731445309,0.03360290527343775,0,-0.149,-0.149,0.26,0,0,0,1.8261171785769714,-0.06671816439055504,-0.047836934506484644,-3.822669236438822,-2.7408544520653035,0.0,48036,0.09375,135225,-2.4771361351013184,0.745221734046936,-6.14821195602417,
755210000,-0.20663050842285155,-0.31189324951171876,0.06195798110961914,0.12821197509765847,-0.12889099121094205,0.05258255004882868,0,-0.16,-0.16,0.28,0,0,0,1.8304128716401398,-0.05232196944392207,-0.04831217321443449,-2.9978280249491895,-2.7680836242920805,0.0,48109,0.0625,135365,-3.127211809158325,3.162700891494751,-6.8322343826293945,
755340000,-0.19458596801757813,-0.325178466796875,0.07079557800292968,0.04790191650390768,-0.06621093749999696,0.06714820861816462,0,-0.171,-0.171,0.3,0,0,0,1.8267465536660665,-0.038372043813692115,-0.0365785899665304,-2.198556161815638,-2.095798825621771,0.0,48046,0.046875,135505,-2.28655743598938,3.8632137775421143,-7.347582817077637,
755490000,-0.19407000732421875,-0.32878985595703125,0.07790801239013671,-0.03500366210937439,0.0012557983398386874,0.04657936096191251,0,-0.183,-0.183,0.32,0,0,0,1.8311863347175903,-0.02011657192033887,-0.019825581728221523,-1.152594669306799,-1.135922159418774,0.0,48122,0.03125,135645,-2.1313788890838623,3.269338607788086,-7.740525722503662,
755630000,-0.20287557983398438,-0.32328750610351564,0.08202938079833984,-0.08513107299805006,0.06346740722655564,0.021860885620117454,0,-0.194,-0.194,0.34,0,0,0,1.8568653207766583,-0.001449048427682785,-0.00895223883088673,-0.08302435921629146,-0.51292550220294,0.0,48561,0.046875,135795,-1.510026216506958,1.7276989221572876,-7.659571647644043,
755770000,-0.21959463500976562,-0.3108140869140625,0.0826303939819336,-0.12478790283202978,0.09350128173828132,-0.015853881835935918,0,-0.206,-0.206,0.36,0,0,0,1.8671771821229013,0.014908450872496627,0.005135454543680347,0.8541913140721865,0.29423987123416595,0.0,48737,0.046875,135925,-0.11461478471755981,1.0127310752868652,-6.840843677520752,
755920000,-0.2401268768310547,-0.2982709655761719,0.07992932891845703,-0.15960693359374917,0.09347381591797155,0.0020992279052736706,0,-0.217,-0.217,0.38,0,0,0,1.89460223059729,0.023290409812865676,0.015272590976681875,1.3344421854072808,0.8750550051934552,0.0,49205,0.0625,136075,0.1498987376689911,-0.42018404603004456,-5.199175834655762,
756050000,-0.26255096435546876,-0.28829672241210935,0.07768605041503907,-0.15744781494141102,0.05210876464844527,-0.016226196289061134,0,-0.229,-0.229,0.4,0,0,0,1.9028822532084761,0.022901226334894394,0.018724798912872875,1.3121436146633034,1.0728519499387679,0.0,49346,0.03125,136205,0.4847378432750702,-1.1431118249893188,-3.8307323455810547,
756190000,-0.284067626953125,-0.28317584228515624,0.07807991790771485,-0.15244445800780548,0.01737670898437904,0.004208755493165933,0,-0.24,-0.24,0.42,0,0,0,1.9023891163740678,0.020952230741625243,0.02449147470037956,1.200474392879385,1.4032581343831811,0.0,49338,0.046875,136355,1.0232667922973633,-0.7388550639152527,-2.2998223304748535,
756330000,-0.30785580444335936,-0.2835102233886719,0.08115866088867188,-0.17438659667968204,-0.024162292480467418,0.044105148315429915,0,-0.251,-0.251,0.44,0,0,0,1.9090981738207433,0.0133203248314569,0.026726895158661418,0.76319839458579,1.5313382920799319,0.0,49452,0.046875,136485,0.917864978313446,-1.2965879440307617,-2.8683626651763916,
756460000,-0.331649658203125,-0.29043008422851563,0.08612235260009765,-0.1683792114257815,-0.06641235351562691,0.042436981201171564,0,-0.263,-0.263,0.46,0,0,0,1.9105622605719386,0.006495493473135538,0.028984564952521136,0.3721643618654391,1.6606932428022645,0.0,49477,0.0625,136625,1.1368581056594849,-1.741426706314087,-3.1418116092681885,
756600000,-0.35454898071289065,-0.30367044067382815,0.09110098266601563,-0.1681716918945364,-0.11759185791015703,0.03243026733398616,0,-0.274,-0.274,0.48,0,0,0,1.9269687435196372,-0.0033511352972363253,0.03021376450502645,-0.1920059091089601,1.731121189340188,0.0,49757,0.03125,136755,0.6461650729179382,-1.399706244468689,-3.2153759002685547,
756740000,-0.37405020141601564,-0.31989044189453125,0.09552960205078125,-0.13959045410156246,-0.14475402832031525,0.052359008789060885,0,-0.286,-0.286,0.5,0,0,0,1.92278132962869,-0.01415898469939529,0.03351632375804386,-0.8112500654656587,1.9203438961299637,0.0,49686,0.0625,136895,-0.2038629651069641,-1.9539674520492554,-3.0633883476257324,
756870000,-0.39298550415039063,-0.3405340881347656,0.10172225952148438,-0.12616882324218426,-0.15968475341796018,0.03988418579101774,0,-0.297,-0.297,0.52,0,0,0,1.9343545207797384,-0.0201311735915019,0.030629836135136517,-1.1534312834382785,1.7549603377206235,0.0,49883,0.03125,137025,-0.25836411118507385,-1.2828359603881836,-2.559410333633423,
757010000,-0.40932171630859376,-0.361318115234375,0.10937297058105469,-0.1248367309570314,-0.1580352783203176,0.06677474975586017,0,-0.309,-0.309,0.54,0,0,0,1.9324912438260249,-0.029288626832114396,0.034227425818071526,-1.6781147052137733,1.9610870429726075,0.0,49851,0.0625,137165,-0.6030359864234924,-0.9774101972579956,-2.3820362091064453,
757140000,-0.42549041748046873,-0.38372207641601563,0.11974805450439453,-0.11828155517577543,-0.1350952148437501,0.08640289306640764,0,-0.32,-0.32,0.56,0,0,0,1.922001665266424,-0.032272572022294665,0.03785327895981691,-1.8490821709094645,2.168833125128868,0.0,49672,0.046875,137295,-1.5736157894134521,-1.3682938814163208,-2.3218986988067627,
757280000,-0.43893988037109377,-0.4042862548828125,0.13126809692382813,-0.08275909423828276,-0.13933410644530742,0.0766967773437488,0,-0.331,-0.331,0.58,0,0,0,1.921721390835579,-0.03370430810764068,0.04400183474323052,-1.9311146059763735,2.5211194216192214,0.0,49667,0.046875,137445,-1.5724549293518066,-1.7091028690338135,-2.5172171592712402,
757420000,-0.44773626708984376,-0.42113165283203124,0.14199964904785156,-0.052978515624999,-0.11625061035156203,0.08977203369140846,0,-0.343,-0.343,0.6,0,0,0,1.9080714484891717,-0.034326751940730996,0.04547233238074761,-1.9667780105963937,2.605372730032909,0.0,49435,0.03125,137575,-1.7152119874954224,-2.1124303340911865,-2.8001766204833984,
757550000,-0.45172998046875,-0.4369332275390625,0.15291000366210938,-0.003971862792970238,-0.09777832031250266,0.06924743652343968,0,-0.354,-0.354,0.62,0,0,0,1.9127655805411143,-0.03727807636197093,0.04017371885170536,-2.1358764439073323,2.301784537547869,0.0,49515,0.03125,137715,-1.705370545387268,-2.4704723358154297,-2.904547691345215,
757700000,-0.44902947998046877,-0.4503992614746094,0.16270193481445314,0.04399108886718184,-0.08579711914062926,0.06025924682617062,0,-0.366,-0.366,0.64,0,0,0,1.9104157786903462,-0.03419197309090344,0.03657490056203193,-1.9590557513336473,2.095587438315092,0.0,49475,0.046875,137855,-1.9698539972305298,-2.2755379676818848,-2.877803325653076,
757830000,-0.44056771850585935,-0.4603916320800781,0.1706481018066406,0.07373046875000233,-0.061616516113283115,0.046285247802733964,0,-0.377,-0.377,0.66,0,0,0,1.9058007275682682,-0.034634729453131306,0.0335619799427457,-1.9844238222418695,1.922959802822049,0.0,49396,0.046875,137915,-2.0086843967437744,-2.2561302185058594,-2.789782762527466,
757960000,-0.4250235595703125,-0.46805194091796876,0.17720655822753906,0.13363494873046555,-0.03671722412109946,0.02180099487304743,0,-0.389,-0.389,0.68,0,0,0,1.9141500666396618,-0.028273302618406767,0.025235527601194515,-1.619940912930887,1.4458892253343443,0.0,49538,0.046875,138125,-2.24809193611145,-2.3014121055603027,-2.4867076873779297,
758100000,-0.40334234619140624,-0.4723283996582031,0.18132554626464845,0.15619049072265467,-0.026774597167966707,0.03195724487305013,0,-0.4,-0.4,0.7,0,0,0,1.9136144280880671,-0.02752433743936327,0.01910191097676917,-1.577028369169435,1.0944588796034933,0.0,49529,0.03125,138255,-1.4664416313171387,-1.4630399942398071,-2.099370241165161,
758230000,-0.3796015930175781,-0.4743316955566406,0.18456214904785156,0.19392547607421928,-0.01809387207030999,0.033602905273440176,0,-0.4,-0.4,0.7,0,0,0,1.9145178055194279,-0.02363948506469713,0.011977629260975762,-1.3544427240696895,0.6862676052263104,0.0,49545,0.03125,138335,-1.4078980684280396,-1.2657359838485718,-1.8607914447784424,
758370000,-0.3521075439453125,-0.47447976684570314,0.18823597717285157,0.1953048706054672,0.008808898925774522,0.028253173828128586,0,-0.374,-0.4,0.7,0,0,0,1.907690976522534,-0.021131617850333954,0.007671033902224665,-1.210752517107449,0.43951786709924384,0.0,49428,0.03125,138545,-1.295745611190796,-0.6874202489852905,-1.6105090379714966,
758520000,-0.3236222839355469,-0.4725766906738281,0.1921527862548828,0.2098770141601619,0.02486114501953629,0.025765228271484863,0,-0.348,-0.4,0.7,0,0,0,1.9042377180014967,-0.01696387331634412,0.010712662555721694,-0.9719583452211131,0.6137903517906831,0.0,49369,0.03125,138675,-1.3916012048721313,-0.5966061949729919,-1.780592441558838,
758650000,-0.2967323608398437,-0.4686759948730469,0.19545733642578125,0.20013885498046946,0.03295745849609122,0.02458496093750151,0,-0.323,-0.4,0.7,0,0,0,1.9076704379562452,-0.010799483920573337,0.006041057211165112,-0.6187648495682477,0.34612708199683223,0.0,49428,0.03125,138805,-1.029603123664856,-0.4561721682548523,-1.9236565828323364,
758780000,-0.26811431884765624,-0.46275701904296873,0.1983971405029297,0.21748046875000315,0.04443359375000122,0.014131164550780506,0,-0.297,-0.4,0.7,0,0,0,1.9042767305746238,-0.009488297437785202,0.004737588981156444,-0.5436393979498849,0.27144385368794793,0.0,49370,0.046875,138945,-0.6591028571128845,-0.26429483294487,-1.8683594465255737,
758910000,-0.24490145874023436,-0.4572176208496094,0.20093037414550782,0.18076400756835975,0.03376464843750093,0.020325469970704224,0,-0.271,-0.4,0.7,0,0,0,1.9028705127999457,-0.007535076869076674,0.00987939594368868,-0.43172810290474384,0.5660476917120265,0.0,49346,0.0625,139075,-0.5989388823509216,-0.2437783181667328,-1.9479551315307617,
759050000,-0.21736045837402343,-0.44981732177734374,0.20369728088378905,0.17433013916015871,0.043855285644534,0.005944824218746814,0,-0.245,-0.4,0.7,0,0,0,1.9028263974709567,-0.006032244583562208,0.012226827917283465,-0.3456221556287654,0.7005456364930729,0.0,49345,0.03125,139215,-0.6501950025558472,-0.5743818879127502,-2.1009156703948975,
759190000,-0.19223783874511718,-0.4424473876953125,0.2048848571777344,0.18646392822265628,0.06764068603516138,-0.003514862060546853,0,-0.219,-0.4,0.7,0,0,0,1.9138656890125665,-0.0018716240450568143,0.009199309484784911,-0.10723615861695848,0.5270816079128432,0.0,49533,0.03125,139345,-0.783129870891571,-0.9689317345619202,-2.3510024547576904,
759330000,-0.16920028686523436,-0.4358229675292969,0.20506015014648438,0.16866073608398785,0.037789916992178596,0.0085884094238306,0,-0.194,-0.4,0.7,0,0,0,1.907928801096493,0.00088704431068842,0.017227190133009506,0.05082389524353781,0.9870452874908601,0.0,49432,0.03125,139495,-0.00783568061888218,-0.35376793146133423,-2.1392157077789307,
759460000,-0.1458217010498047,-0.43033700561523436,0.2053809814453125,0.15494003295898479,0.035006713867191674,0.012260437011718528,0,-0.168,-0.4,0.7,0,0,0,1.9087320509814252,-0.00157341099504406,0.013414377228336029,-0.09014980945550394,0.7685871999800535,0.0,49446,0.03125,139625,0.1848956197500229,-0.5794761776924133,-1.9155292510986328,
759600000,-0.12553990173339843,-0.42748870849609377,0.20622163391113282,0.1593170166015609,0.008367919921872802,0.011247253417967507,0,-0.142,-0.4,0.7,0,0,0,1.9087145164200163,-0.0056367874021839145,0.023002776949602736,-0.32296412815764963,1.3179620362930506,0.0,49446,0.03125,139755,0.15214799344539642,-0.6085988283157349,-1.7262294292449951,
759730000,-0.104767333984375,-0.42689578247070314,0.20810791015625,0.15086479187011795,0.0016235351562532419,0.0041076660156222355,0,-0.116,-0.4,0.7,0,0,0,1.911575906831601,-0.009464601987142239,0.023421756835300924,-0.5422817486343825,1.3419678154444303,0.0,49494,0.015625,139895,-0.11530899256467819,-1.0297116041183472,-1.5418782234191895,
759880000,-0.08401009368896484,-0.4282261962890625,0.21111912536621094,0.15021133422851649,-0.021908569335940542,0.02666244506836224,0,-0.09,-0.4,0.7,0,0,0,1.9019646192738542,-0.011010798249089305,0.022400488819180355,-0.6308722687428537,1.2834534683690233,0.0,49330,0.046875,140035,-0.3551468551158905,-1.274485468864441,-1.4035409688949585,
760010000,-0.06187312316894531,-0.43079299926757814,0.2149426727294922,0.16594047546386775,-0.011250305175783404,0.012313842773438444,0,-0.065,-0.4,0.7,0,0,0,1.897976933949846,-0.014651979599166526,0.022087170783979516,-0.8394965925440256,1.265501667306684,0.0,49262,0.046875,140175,-0.6422537565231323,-1.434820532798767,-1.3904333114624023,
760150000,-0.03959674072265625,-0.43370849609375,0.2189554901123047,0.17104263305664016,-0.015037536621093084,0.026885986328123446,0,-0.039,-0.4,0.7,0,0,0,1.8926379840860956,-0.015235066732940462,0.02227636316121508,-0.872905024397652,1.276341592038329,0.0,49171,0.03125,140315,-0.9089455604553223,-1.5197334289550781,-1.3905739784240723,
760290000,-0.013214804649353028,-0.43679437255859377,0.22313932800292968,0.1803120136260986,-0.019435119628910535,0.035623168945310424,0,-0.013,-0.4,0.7,0,0,0,1.8829842940375605,-0.016891263158201435,0.01721663324449785,-0.96779808960976,0.9864404223343519,0.0,49006,0.046875,140445,-1.0151872634887695,-1.5356037616729736,-1.3037240505218506,
760430000,0.0154844970703125,-0.4393046875,0.2267378387451172,0.20139179229736345,-0.014486694335941186,0.003993225097656539,0,0.013,-0.4,0.7,0,0,0,1.8854681134557283,-0.014423479936805896,0.010682837453802675,-0.8264045262705971,0.6120814993271758,0.0,49049,0.046875,140595,-1.0602893829345703,-1.321087121963501,-1.2151702642440796,
760570000,0.046188709259033206,-0.44126947021484375,0.22931324768066405,0.21924095153808693,-0.011254882812505862,0.006605529785157216,0,0.039,-0.4,0.7,0,0,0,1.8866892475852268,-0.013769802990436184,0.009012761753730052,-0.7889515960786133,0.5163932102456582,0.0,49070,0.0625,140735,-1.1951595544815063,-1.2006075382232666,-1.2810406684875488,
760710000,0.07790386962890625,-0.44229718017578123,0.2300277557373047,0.2151927947998053,-0.008830261230463599,0.009417724609378508,0,0.065,-0.4,0.7,0,0,0,1.8996207050756468,-0.011935590218797665,0.008063231063849957,-0.683858945534733,0.4619891091973834,0.0,49290,0.046875,140865,-0.6728798151016235,-0.5008782744407654,-1.1483179330825806,
760850000,0.10871647644042969,-0.44312478637695313,0.22976553344726564,0.21437835693359358,-0.004563903808596503,-0.0030395507812516764,0,0.09,-0.4,0.7,0,0,0,1.9057887373578906,-0.012315023538732336,0.006488585414393284,-0.7055988733736267,0.3717685592548795,0.0,49396,0.0625,141005,-0.5246779918670654,-0.3088896572589874,-1.0198190212249756,
760980000,0.13753887939453124,-0.4443155517578125,0.23005038452148438,0.20492248535156354,-0.012525939941412934,0.011211395263675816,0,0.116,-0.4,0.7,0,0,0,1.8962305089679157,-0.014436650934630165,0.007545216913966408,-0.8271591688579037,0.4323090846809987,0.0,49232,0.046875,141155,-0.6050801277160645,-0.3469112515449524,-1.0392882823944092,
761130000,0.16438243103027345,-0.44586871337890627,0.23107518005371094,0.18670578002930038,-0.009118652343750866,0.0025703430175771924,0,0.142,-0.4,0.7,0,0,0,1.8941924134049675,-0.015163500048203327,0.01100444875619399,-0.868804555408471,0.6305084695979039,0.0,49198,0.046875,141285,-0.5983815789222717,-0.37244629859924316,-1.0953775644302368,
761260000,0.18955131530761718,-0.4477411804199219,0.23313343811035156,0.17611999511718684,-0.010368347167971637,0.021347808837893223,0,0.168,-0.4,0.7,0,0,0,1.8933408507813758,-0.01803250201069866,0.011711357115337974,-1.033186259274204,0.6710113350793725,0.0,49183,0.046875,141425,-0.6281949281692505,-0.4991494417190552,-1.164120078086853,
761400000,0.21336628723144532,-0.4498751220703125,0.23567071533203124,0.16654281616211436,-0.01608123779296422,0.022132873535156417,0,0.194,-0.4,0.7,0,0,0,1.8903455377610265,-0.0234287484158887,0.010768808008216064,-1.3423684035042356,0.6170072492574629,0.0,49132,0.03125,141565,-0.792450487613678,-0.5871928334236145,-1.270753264427185,
761550000,0.2363411865234375,-0.4517314758300781,0.2386929016113281,0.1556846618652366,-0.016534423828118427,0.029804229736325738,0,0.219,-0.4,0.7,0,0,0,1.8896560438689078,-0.02770500131790393,0.009607480509352239,-1.5873796469202788,0.5504680849400817,0.0,49120,0.046875,141715,-1.1810081005096436,-0.7412570118904114,-1.3936340808868408,
761680000,0.2591077270507812,-0.45236676025390626,0.24159632873535156,0.1560806274414045,0.004023742675773878,0.01556015014648332,0,0.245,-0.4,0.7,0,0,0,1.884686483065033,-0.032083362887406056,0.0037647043345675805,-1.8382412860350257,0.2157016694853294,0.0,49035,0.03125,141845,-1.6092573404312134,-0.8547863960266113,-1.5284136533737183,
761820000,0.2821756591796875,-0.450418701171875,0.24373655700683594,0.16576232910155975,0.027473449707032804,0.012581634521484364,0,0.271,-0.4,0.7,0,0,0,1.889453264874293,-0.032873775668632074,-0.0036624666440139854,-1.8835286024724738,-0.20984388130944387,0.0,49117,0.015625,141985,-1.9020715951919556,-0.7141826152801514,-1.63910710811615,
761970000,0.3054507141113281,-0.4450474548339844,0.2445124053955078,0.16498107910156434,0.05036163330078003,-0.006890106201173918,0,0.297,-0.4,0.7,0,0,0,1.8845808276339457,-0.030923375193544825,-0.008053954703521571,-1.7717788868896636,-0.46145761290132425,0.0,49034,0.03125,142135,-1.9735736846923828,-0.3807150423526764,-1.6656824350357056,
762100000,0.3256255798339844,-0.436914794921875,0.24442575073242187,0.1367370605468765,0.06675567626952539,0.002420043945310091,0,0.323,-0.4,0.7,0,0,0,1.889670591202661,-0.028390111606443016,-0.013408861376981109,-1.6266335749545584,-0.768271164976995,0.0,49120,0.03125,142265,-1.2862755060195923,0.5700814723968506,-1.3181809186935425,
762240000,0.3441668701171875,-0.4247457275390625,0.24469020080566406,0.09346618652343874,0.08769989013671653,0.003861236572265392,0,0.348,-0.4,0.7,0,0,0,1.8906969666771016,-0.025839593519257232,-0.01298460823742167,-1.4804996529870333,-0.7439632506350645,0.0,49138,0.03125,142415,-1.0870755910873413,0.9932352304458618,-1.0487959384918213,
762390000,0.35542669677734373,-0.41098809814453124,0.24609046936035156,0.0643478393554664,0.10797576904296724,0.010182189941404518,0,0.374,-0.4,0.7,0,0,0,1.8901094453404264,-0.02342099501529559,-0.009483918573807886,-1.3419241663733763,-0.5433885075249228,0.0,49128,0.03125,142545,-1.119997262954712,0.9166659116744995,-0.9535474181175232,
762530000,0.3604042663574219,-0.3949959411621094,0.24894320678710938,0.00722808837890776,0.12063140869139899,0.01583328247070498,0,0.4,-0.4,0.7,0,0,0,1.879101738450162,-0.015779473273344207,-0.004652217467022286,-0.904097221502105,-0.2665524262374192,0.0,48940,0.046875,142695,-1.0751392841339111,0.7723104953765869,-0.9188140034675598,
762660000,0.35971176147460937,-0.37695846557617185,0.25319859313964843,-0.026661682128911735,0.13215484619140683,0.04181747436523553,0,0.4,-0.4,0.7,0,0,0,1.8713888208864276,-0.010156548470950771,-0.003334055880649326,-0.5819273618055287,-0.19102733062197927,0.0,48808,0.03125,142835,-0.8941181302070618,0.5254194140434265,-0.9494327902793884,
762810000,0.35356488037109374,-0.3563587646484375,0.2585843505859375,-0.05436248779296937,0.1418731689453112,0.0415771484374966,0,0.4,-0.368,0.7,0,0,0,1.8706953613898234,-0.004558738548163144,0.002125925622211319,-0.2611964787133445,0.12180656571143206,0.0,48797,0.046875,142975,-0.6750474572181702,0.2848168611526489,-1.0353062152862549,
762950000,0.34345437622070313,-0.33698684692382813,0.26381280517578126,-0.08877258300780955,0.1342895507812525,0.030986022949219816,0,0.4,-0.336,0.7,0,0,0,1.8648383377255897,0.0028493113450942485,0.004699873758504072,0.16325351459264406,0.2692829306065708,0.0,48697,0.046875,143115,-0.4630136489868164,-0.06903808563947678,-1.2278344631195068,
763090000,0.33017831420898436,-0.3182139892578125,0.268869384765625,-0.09997406005860243,0.13039550781249187,0.035496520996095016,0,0.4,-0.304,0.7,0,0,0,1.8658348069843163,0.004666410793156627,0.003650846491601825,0.2673656439221697,0.2091780956189283,0.0,48714,0.03125,143255,-0.19827410578727722,-0.23833918571472168,-1.307806134223938,
763240000,0.31434561157226565,-0.30089727783203124,0.2734866943359375,-0.12461547851562171,0.11494750976562551,0.038607788085934236,0,0.4,-0.272,0.7,0,0,0,1.8678265072335665,0.009776439153068988,0.008803089545814964,0.560148702137306,0.5043798776509342,0.0,48748,0.046875,143395,-0.1002168133854866,-0.43368828296661377,-1.2620744705200195,
763380000,0.2963099060058594,-0.2856745300292969,0.2776203308105469,-0.14783020019530912,0.10111846923828438,0.029635620117188233,0,0.4,-0.24,0.7,0,0,0,1.865175235729487,0.010055241598916402,0.007269476693053839,0.5761229056022875,0.41651033378070357,0.0,48702,0.046875,143545,0.07651850581169128,-0.5635722875595093,-1.202387809753418,
763510000,0.2762896423339844,-0.27316522216796874,0.2812177734375,-0.15077667236327585,0.08536224365234546,0.026612854003904562,0,0.4,-0.24,0.7,0,0,0,1.8606721165209301,0.00881756221507733,0.01148973624634436,0.5052091005179564,0.6583133946340166,0.0,48625,0.078125,143675,0.25344204902648926,-0.47986698150634766,-1.1550763845443726,
763660000,0.2544588317871094,-0.26392987060546874,0.28467254638671874,-0.15585784912109102,0.05221862792968435,0.009582519531245448,0,0.374,-0.24,0.7,0,0,0,1.8618764819932985,0.006099236269656283,0.009882482408192339,0.3494604965044211,0.5662245331017031,0.0,48646,0.03125,143825,0.2950756549835205,-0.7461691498756409,-1.0478506088256836,
763790000,0.23121257019042968,-0.25785113525390624,0.28770535278320314,-0.1723693847656277,0.03906402587890434,-0.0012344360351523864,0,0.348,-0.24,0.7,0,0,0,1.8649280694205355,0.004991243491242217,0.009220541755197896,0.28597718657032134,0.5282981273969878,0.0,48698,0.046875,143955,0.17188207805156708,-0.7222098112106323,-0.9567026495933533,
763930000,0.2069705810546875,-0.2549491119384766,0.2901845703125,-0.16530227661133018,0.020689392089845438,0.01717834472656221,0,0.323,-0.24,0.7,0,0,0,1.8674295104886243,-0.0008703131981138777,0.012504314386939133,-0.04986527310645827,0.7164444400763277,0.0,48741,0.03125,144045,-0.030100591480731964,-0.7068804502487183,-0.8557273745536804,
764060000,0.18514381408691405,-0.25471949768066404,0.2920994873046875,-0.17726974487305008,-0.0030555725097636266,0.028749084472656783,0,0.297,-0.24,0.7,0,0,0,1.8608882333452088,-0.005119799831015773,0.014546147203578944,-0.2933429222689959,0.8334328429410981,0.0,48629,0.03125,144235,-0.23225924372673035,-0.7335993051528931,-0.6606951355934143,
764210000,0.1566802978515625,-0.25699246215820315,0.2941466979980469,-0.20387344360351112,-0.037817382812507794,0.009394836425780095,0,0.271,-0.24,0.7,0,0,0,1.857246427458278,-0.007804728655988503,0.016458148918869257,-0.44717801223295256,0.9429824716490072,0.0,48567,0.0625,144375,-0.08394031971693039,-0.6476925611495972,-0.662988007068634,
764340000,0.1310268096923828,-0.26123193359375,0.29606869506835937,-0.21233596801758098,-0.037507629394537,-0.00026550292968885447,0,0.245,-0.24,0.7,0,0,0,1.8654038379938003,-0.012909421330870747,0.0195627791357171,-0.739655358215052,1.120864680023174,0.0,48706,0.046875,144505,-0.008404811844229698,-0.6686367392539978,-0.6504501104354858,
764490000,0.09858805084228515,-0.26949017333984376,0.2980715942382812,-0.20122451782226616,-0.06213836669921868,0.01619873046874165,0,0.219,-0.24,0.7,0,0,0,1.857356326727103,-0.02120897784252913,0.020847288662658947,-1.2151849181633976,1.1944616546612878,0.0,48569,0.046875,144655,-0.5615980625152588,-0.9206976294517517,-1.0025062561035156,
764630000,0.0702349853515625,-0.27788922119140624,0.299584716796875,-0.2092170715332041,-0.05569305419921844,0.015277099609367628,0,0.194,-0.24,0.7,0,0,0,1.8557163120069207,-0.027692743595261648,0.02016123335559648,-1.586677331146434,1.1551535810540567,0.0,48541,0.046875,144795,-1.1030831336975098,-1.083781123161316,-1.6173152923583984,
764770000,0.0430479850769043,-0.28551873779296877,0.300584716796875,-0.18799858093261657,-0.050054931640630684,0.01305389404297197,0,0.168,-0.24,0.7,0,0,0,1.8542335220034236,-0.02677604036320393,0.019272038278735696,-1.534154104883525,1.1042064559861229,0.0,48516,0.0625,144945,-1.5656039714813232,-1.0801732540130615,-2.096778154373169,
764920000,0.017295089721679688,-0.2911291809082031,0.300812255859375,-0.17238960266113285,-0.029449462890626665,-0.005093383789064876,0,0.142,-0.24,0.7,0,0,0,1.8625112048093901,-0.022726645549799605,0.01627001301825767,-1.3021408724932917,0.9322030785690705,0.0,48657,0.078125,145085,-1.6029895544052124,-0.9824701547622681,-2.2101728916168213,
765060000,-0.007022676944732666,-0.29418218994140627,0.30007620239257815,-0.16961965560913073,-0.007656860351559769,-0.009509277343744404,0,0.116,-0.24,0.7,0,0,0,1.8633162645122991,-0.021285537153939285,0.014742483926189697,-1.219571443589627,0.844682108510125,0.0,48671,0.03125,145225,-1.4202905893325806,-0.9497315287590027,-2.145846128463745,
765200000,-0.029929092407226562,-0.29511785888671876,0.2989488220214844,-0.1693708419799803,0.0010360717773438832,0.00016021728516113498,0,0.09,-0.24,0.7,0,0,0,1.8720419539361852,-0.016304832585141236,0.011650601130457098,-0.9341980927959723,0.6675302735655375,0.0,48820,0.03125,145365,-1.228698492050171,-0.8539907932281494,-1.9727108478546143,
765340000,-0.05340718078613281,-0.29407730102539065,0.29760458374023435,-0.1648237228393551,0.013801574707023034,0.0008499145507767647,0,0.065,-0.24,0.7,0,0,0,1.8699953509237146,-0.01356339736442602,0.00831326645282276,-0.7771254248404751,0.47631508171443687,0.0,48785,0.03125,145435,-1.2385412454605103,-0.7962915301322937,-1.9063550233840942,
765490000,-0.07462928009033203,-0.29191592407226563,0.29643673706054685,-0.1390834808349603,0.019931030273431793,-0.01562957763671935,0,0.039,-0.24,0.7,0,0,0,1.868358066437636,-0.011912706759410176,0.004249594883288868,-0.6825478198911709,0.24348385145284177,0.0,48757,0.046875,145655,-0.8511424660682678,-0.6286715865135193,-1.9456281661987305,
765630000,-0.09580516815185547,-0.2892674255371094,0.2953440551757813,-0.15669212341308594,0.02015380859375082,-0.008480834960933326,0,0.013,-0.24,0.7,0,0,0,1.8617568545561478,-0.011214157766696814,0.005160095195620858,-0.6425239108255802,0.29565167659480807,0.0,48644,0.0625,145795,-0.6427451372146606,-0.2586056888103485,-2.0517489910125732,
765760000,-0.11791552734375,-0.2862857666015625,0.29323529052734376,-0.15337371826172064,0.02234344482422157,-0.008889770507813921,0,-0.013,-0.24,0.7,0,0,0,1.876254180046449,-0.007505250113289507,0.004950061923222918,-0.4300191556815717,0.28361765652908455,0.0,48891,0.0625,145935,-0.5364082455635071,-0.16673679649829865,-2.023104667663574,
765910000,-0.14154505920410157,-0.2833438720703125,0.28989706420898437,-0.18115615844726402,0.017070007324224146,-0.02503356933594436,0,-0.039,-0.24,0.7,0,0,0,1.8772391566198023,-0.006794461127566762,0.007714699889845992,-0.3892939466752739,0.44201974389821647,0.0,48908,0.0625,146075,-0.36705121397972107,-0.10309463739395142,-1.9562913179397583,
766050000,-0.16686639404296874,-0.28096173095703125,0.28522543334960937,-0.18091888427734237,0.01080780029296402,-0.04199218750000622,0,-0.065,-0.24,0.7,0,0,0,1.8749079844975052,-0.009049517410591958,0.013230702596198591,-0.5184991542570765,0.7580634187549604,0.0,48869,0.046875,146215,-0.24197717010974884,-0.043420638889074326,-1.8409225940704346,
766190000,-0.19454168701171876,-0.2799073486328125,0.2786737060546875,-0.20774307250976676,-0.001995849609381928,-0.052491760253906006,0,-0.09,-0.24,0.7,0,0,0,1.8944384564774523,-0.006004475203871018,0.013037538842200692,-0.3440310873727639,0.7469959508959775,0.0,49202,0.0625,146355,-0.001826855237595737,-0.2093668282032013,-1.8001772165298462,
766330000,-0.22414779663085938,-0.28073992919921875,0.2700812377929688,-0.2195922851562518,-0.013392639160161868,-0.05598144531249738,0,-0.116,-0.24,0.7,0,0,0,1.9059546737848763,-0.011698658804344063,0.020119024227815103,-0.6702837754524766,1.1527351761752556,0.0,49398,0.0625,146495,0.10903110355138779,-0.1635015308856964,-1.9402663707733154,
766470000,-0.2581653747558594,-0.28419186401367186,0.25881402587890623,-0.2384025573730436,-0.03406677246093337,-0.09073028564454133,0,-0.142,-0.24,0.7,0,0,0,1.9100745204074632,-0.015976753643745564,0.026309669166599766,-0.9154005541068804,1.5074330036316406,0.0,49469,0.0625,146635,0.05008545145392418,-0.5002865791320801,-2.20569109916687,
766610000,-0.2907780456542969,-0.2895750732421875,0.2467065887451172,-0.23399963378906707,-0.03551788330078409,-0.09498443603515455,0,-0.168,-0.24,0.7,0,0,0,1.9180365510135293,-0.026593908545191555,0.032536518461973675,-1.5237187203963711,1.864205187920576,0.0,49605,0.03125,146775,-0.34447014331817627,-0.8344171047210693,-2.4190165996551514,
766750000,-0.3224483032226563,-0.2961270446777344,0.23290048217773437,-0.21996612548828842,-0.045062255859379396,-0.10841064453125104,0,-0.194,-0.24,0.7,0,0,0,1.935453995234627,-0.02818121419556013,0.0341159669892407,-1.6146646349597589,1.95470092249113,0.0,49902,0.0625,146915,-1.3198130130767822,-1.5983402729034424,-2.8040051460266113,
766890000,-0.35033755493164065,-0.30184576416015624,0.21738575744628907,-0.17655334472656548,-0.03456726074218819,-0.11621322631835546,0,-0.219,-0.24,0.7,0,0,0,1.9343147183976537,-0.03585100984591736,0.03362593892110542,-2.0541115554530243,1.9266243823440297,0.0,49882,0.0625,147065,-1.7967233657836914,-2.0214061737060547,-3.1589038372039795,
767020000,-0.37006689453125,-0.3049726257324219,0.202690185546875,-0.15393371582031468,-0.015585327148445738,-0.13301239013671362,0,-0.245,-0.24,0.7,0,0,0,1.9568480717594876,-0.0376757024628917,0.029206974065978594,-2.1586587413143357,1.673436346328623,0.0,50267,0.03125,147195,-1.968622088432312,-1.9933501482009888,-3.3164541721343994,
767170000,-0.3907469177246094,-0.30615542602539064,0.18162112426757812,-0.12774505615234244,0.0030853271484332367,-0.12053298950195357,0,-0.271,-0.24,0.7,0,0,0,1.9701995592471082,-0.04047520568564111,0.02452244511449227,-2.319058460711149,1.4050326084016118,0.0,50495,0.03125,147335,-1.2966461181640625,-1.0498305559158325,-3.1688826084136963,
767310000,-0.40476312255859376,-0.3050938415527344,0.16481361389160157,-0.10341644287109042,0.019030761718749623,-0.13011322021484334,0,-0.297,-0.24,0.7,0,0,0,1.9748723390311218,-0.04307453023624462,0.024672780168146224,-2.4679887870454698,1.4136461724888565,0.0,50574,0.03125,147475,-1.5284597873687744,-0.9879269003868103,-2.9214227199554443,
767450000,-0.4184957275390625,-0.30117221069335937,0.14756007385253905,-0.07580718994140978,0.029075622558599745,-0.0970230102539063,0,-0.323,-0.24,0.7,0,0,0,1.9733527866232838,-0.04285854995578017,0.02402779917460345,-2.455614028516805,1.3766914836927007,0.0,50549,0.0625,147625,-1.7972805500030518,-1.0524096488952637,-2.6348650455474854,
767580000,-0.4275105590820312,-0.2951630859375,0.13596873474121093,-0.06204681396484446,0.06671142578124345,-0.09993972778320065,0,-0.348,-0.24,0.7,0,0,0,1.9814220129970295,-0.038897046897890954,0.0262812158523534,-2.2286366227715826,1.5058027488121641,0.0,50686,0.03125,147755,-1.8725597858428955,-1.022046685218811,-2.379833698272705,
767730000,-0.4364356994628906,-0.2828233642578125,0.1240628890991211,-0.03636932373046742,0.08160400390624933,-0.052868652343750905,0,-0.374,-0.24,0.7,0,0,0,1.9794004223452224,-0.02936055618230598,0.02900295406492103,-1.6822359534028692,1.6617468613317703,0.0,50652,0.015625,147905,-1.853777289390564,-1.152854561805725,-2.1671979427337646,
767870000,-0.4408736572265625,-0.2694623107910156,0.1176798324584961,-0.023512268066414044,0.10444030761718737,-0.03426246643066233,0,-0.4,-0.24,0.7,0,0,0,1.9753963058904294,-0.025685208589488872,0.027664523527191405,-1.4716540480908826,1.5850604403484372,0.0,50583,0.0625,148045,-1.7154406309127808,-1.3866889476776123,-1.9596084356307983,
768020000,-0.4422696838378906,-0.2511947479248047,0.11424983978271484,0.007315063476565076,0.13219070434570823,0.0008872985839854242,0,-0.4,-0.24,0.7,0,0,0,1.959445071884379,-0.020978195079756255,0.029272057500679724,-1.201962039872143,1.677165352453213,0.0,50311,0.0625,148185,-1.591958999633789,-1.3829922676086426,-1.820226788520813,
768160000,-0.43960736083984375,-0.232042724609375,0.11446682739257813,0.04207153320312795,0.14045562744140622,0.01857414245605704,0,-0.4,-0.208,0.7,0,0,0,1.9589932829379266,-0.012708915480105354,0.028196617420145936,-0.7281672191985151,1.6155471747194177,0.0,50304,0.03125,148325,-1.2239363193511963,-1.462859034538269,-1.5915024280548096,
768300000,-0.433251708984375,-0.21213624572753906,0.11689798736572266,0.05809936523437642,0.13796844482421994,0.025238800048826837,0,-0.4,-0.176,0.7,0,0,0,1.949412760146151,-0.0060557685320944705,0.028997425657327373,-0.34696997859714696,1.6614301069092254,0.0,50140,0.0625,148465,-0.7919840216636658,-1.4194707870483398,-1.6860148906707764,
768430000,-0.42328298950195314,-0.19226028442382812,0.12062425231933593,0.0805648803710951,0.14848022460937776,0.024075698852539518,0,-0.4,-0.144,0.7,0,0,0,1.9446518400544588,-0.0009961807931210603,0.026344211867694912,-0.05707695507783175,1.5094121546173742,0.0,50059,0.046875,148605,-0.7062102556228638,-1.8402819633483887,-1.771917700767517,
768580000,-0.40964669799804687,-0.17345314025878905,0.12579158782958985,0.10531158447265321,0.1361846923828139,0.03622436523437744,0,-0.4,-0.112,0.7,0,0,0,1.9390708737021685,0.001060187221306722,0.02344423414365586,0.060744253274577366,1.3432556703479823,0.0,49964,0.03125,148745,-0.46212300658226013,-1.5909184217453003,-1.6878753900527954,
768710000,-0.3929286499023438,-0.1565308837890625,0.131958984375,0.11777038574218024,0.11991348266601476,0.04721298217773423,0,-0.4,-0.08,0.7,0,0,0,1.9310416035376106,0.004949262571959684,0.023042366950085696,0.28357185707535276,1.3202303762316452,0.0,49827,0.03125,148885,-0.31041431427001953,-1.430066704750061,-1.622014045715332,
768860000,-0.3734470520019531,-0.14174758911132812,0.1383543701171875,0.15570373535157,0.10649261474609262,0.05296020507812166,0,-0.4,-0.08,0.7,0,0,0,1.9313107520655406,0.0030049331737563383,0.02018819727766146,0.17216998857508983,1.1566984999874999,0.0,49831,0.03125,149025,-0.24968282878398895,-1.5102983713150024,-1.5889753103256226,
768990000,-0.35112637329101565,-0.128829833984375,0.14493431091308595,0.17045745849608718,0.09983673095703,0.04344558715820568,0,-0.374,-0.08,0.7,0,0,0,1.9272928976615906,0.0057688423163715485,0.017725691188919337,0.33053031740456335,1.0156072940773084,0.0,49763,0.03125,149155,-0.5322282910346985,-1.5582733154296875,-1.5552135705947876,
769130000,-0.32761172485351564,-0.11837956237792968,0.15088648986816405,0.18733825683593108,0.07939414978027429,0.03724288940429449,0,-0.348,-0.08,0.7,0,0,0,1.9219776278608773,0.006141703048536466,0.012570859468909854,0.3518936637037709,0.7202571924206022,0.0,49672,0.046875,149295,-0.22694681584835052,-1.2722421884536743,-1.7442377805709839,
769270000,-0.30006033325195314,-0.10903444671630859,0.15693621826171875,0.20702056884765452,0.04495887756347794,0.04824981689452862,0,-0.323,-0.08,0.7,0,0,0,1.9261570011063118,0.006092066412768724,0.006861447737445976,0.34904969396505114,0.39313199670524224,0.0,49743,0.046875,149435,-0.26215630769729614,-1.1339300870895386,-1.9895457029342651,
769410000,-0.270996337890625,-0.10170304107666016,0.16235296630859375,0.20657501220702756,0.05386924743652419,0.032054901123043655,0,-0.297,-0.08,0.7,0,0,0,1.9172842971024326,0.004437505209345304,0.0077041093127530515,0.25425032006280274,0.441412948528183,0.0,49592,0.046875,149575,0.15563397109508514,-0.6599352955818176,-2.3409221172332764,
769540000,-0.2419425048828125,-0.09713945007324219,0.16655731201171875,0.20762252807617065,0.016461181640622935,0.02029800415039168,0,-0.271,-0.08,0.7,0,0,0,1.9232293696041662,0.0005203145965193579,0.006896740803491127,0.029811830399611525,0.3951541404357058,0.0,49693,0.03125,149715,0.12556380033493042,-0.6350370645523071,-2.556084394454956,
769690000,-0.21309457397460937,-0.09528074645996094,0.16943411254882812,0.21167221069335884,0.004741668701170598,0.000127410888672852,0,-0.245,-0.08,0.7,0,0,0,1.9259203230778101,-0.0009841546633276986,0.0037339671765167786,-0.05638790859679559,0.2139405600547919,0.0,49739,0.046875,149855,-0.29243677854537964,-0.9823474287986755,-2.5236761569976807,
769820000,-0.18312301635742187,-0.09474678802490234,0.17226100158691407,0.20880813598632697,0.005362701416014581,0.026676940917970404,0,-0.219,-0.08,0.7,0,0,0,1.9237815800586324,-0.0035721815459829514,0.00016062887808556504,-0.20467092623934074,0.009203356782224316,0.0,49703,0.046875,149985,-0.7504622936248779,-1.2301404476165771,-2.1655173301696777,
769950000,-0.15333738708496095,-0.09438239288330078,0.17588838195800782,0.2355194091796839,-0.0016830444335917683,0.03392410278320185,0,-0.194,-0.08,0.7,0,0,0,1.9171536157623794,-0.0030563213156174717,-0.0014842959127491714,-0.17511431222075236,-0.08504389134904582,0.0,49590,0.046875,150105,-1.0321605205535889,-1.1418521404266357,-1.785853385925293,
770100000,-0.11952980041503906,-0.09309066009521484,0.1816949462890625,0.24417114257812428,0.017236709594726368,0.03814697265625,0,-0.168,-0.08,0.7,0,0,0,1.903955153669893,-0.002030684461604711,-0.009493633768934289,-0.11634964917274582,-0.5439451472028117,0.0,49364,0.0625,150265,-0.9018173813819885,-0.794197142124176,-1.6271240711212158,
770230000,-0.0873873291015625,-0.091515380859375,0.1891408233642578,0.24580307006835944,0.0202198028564457,0.0614135742187466,0,-0.142,-0.08,0.7,0,0,0,1.8991270419824076,-0.0003667722014940369,-0.009509536161079565,-0.021014499188330142,-0.544856287156898,0.0,49282,0.03125,150405,-0.6473163366317749,-0.33796975016593933,-1.8346863985061646,
770370000,-0.053602306365966794,-0.08996604919433594,0.19967483520507812,0.23354492187500075,0.004722976684569391,0.08771438598632747,0,-0.116,-0.08,0.7,0,0,0,1.8859812295199563,-0.00037494255972490153,-0.01212181163517498,-0.02148262623206866,-0.6945286467481014,0.0,49058,0.03125,150535,-0.3976590931415558,-0.07091774046421051,-2.1831955909729004,
770510000,-0.022027456283569335,-0.08919554901123047,0.21219143676757812,0.21025848388671903,0.009274673461914101,0.09002151489257565,0,-0.09,-0.08,0.7,0,0,0,1.8787272682465603,-0.0018722152819053955,-0.008318873985427511,-0.1072700339930748,-0.4766363696661711,0.0,48934,0.046875,150685,-0.22094985842704773,0.04658304154872894,-2.4999170303344727,
770650000,0.008576014518737792,-0.08983197784423828,0.22731317138671875,0.1928872823715208,-0.012454223632812206,0.11035461425781129,0,-0.065,-0.08,0.7,0,0,0,1.8629410936456943,-0.0036002478627311586,-0.00660460665138299,-0.20627900773549032,-0.3784160864682768,0.0,48664,0.03125,150815,-0.2409926950931549,0.05248679593205452,-2.3857975006103516,
770800000,0.03363758087158203,-0.09157855987548828,0.2422744598388672,0.161331176757812,-0.01317062377929612,0.10065078735351368,0,-0.039,-0.08,0.7,0,0,0,1.855462042692691,-0.006846947542264158,0.0015254993845229504,-0.3923011967192081,0.08740467638296975,0.0,48537,0.0625,150965,-0.25410962104797363,0.17932873964309692,-1.90444016456604,
770940000,0.05524402236938476,-0.09477985382080079,0.25762167358398436,0.14055290222167865,-0.03595046997070389,0.11850128173828134,0,-0.013,-0.08,0.7,0,0,0,1.8407961311054573,-0.01279691719306771,0.007071789827038998,-0.7332093459411798,0.405183710692885,0.0,48286,0.046875,151105,-0.2921745777130127,-0.09433968365192413,-1.5368069410324097,
771070000,0.07412997436523437,-0.09925563049316406,0.272654296875,0.11801643371582085,-0.031649780273437095,0.10607147216797064,0,0.013,-0.08,0.7,0,0,0,1.8387806947670653,-0.012394616580461596,0.014231588174742887,-0.710159218743322,0.8154099381810581,0.0,48252,0.03125,151245,-0.6992470622062683,-0.36545804142951965,-1.2804251909255981,
771220000,0.091640869140625,-0.10383197021484375,0.286507568359375,0.11237182617187397,-0.021813964843750422,0.0754913330078183,0,0.039,-0.08,0.7,0,0,0,1.8348114730399219,-0.014080816548382247,0.017781996328320896,-0.8067713603202701,1.0188333409299135,0.0,48184,0.046875,151375,-0.9615805745124817,-0.6621423363685608,-1.1929140090942383,
771360000,0.10917416381835937,-0.1070937728881836,0.29822280883789065,0.12988090515136594,-0.009641265869141796,0.07651519775390692,0,0.065,-0.08,0.7,0,0,0,1.8323853170832738,-0.012330315733352533,0.02144444608370635,-0.7064750515848567,1.2286762545922207,0.0,48143,0.03125,151525,-0.9743169546127319,-0.9395432472229004,-1.0369287729263306,
771490000,0.12760047912597655,-0.10928582763671875,0.3073457946777344,0.1356567382812479,-0.017094039916991377,0.05338134765625335,0,0.09,-0.08,0.7,0,0,0,1.8479097405157945,-0.008581832142685968,0.020227693817061656,-0.4917027622656181,1.1589614850005032,0.0,48408,0.03125,151655,-0.8888187408447266,-1.2001045942306519,-1.0599418878555298,
771640000,0.14696401977539061,-0.11145936584472656,0.31410595703125,0.14384689331054246,-0.02158126831054638,0.04907684326171946,0,0.116,-0.08,0.7,0,0,0,1.8406980523195953,-0.012213530763478348,0.02033981688119619,-0.6997837657005035,1.1653856633614865,0.0,48285,0.046875,151805,-0.6764636039733887,-1.1584943532943726,-1.4953880310058594,
771770000,0.16757785034179687,-0.11378759765625,0.318414794921875,0.16735076904297042,-0.010430908203125366,0.012889099121093928,0,0.142,-0.08,0.7,0,0,0,1.8423132308404304,-0.014185630613614175,0.02010632246451983,-0.8127767638916685,1.1520074187460623,0.0,48312,0.03125,151945,-0.8845041394233704,-1.4585376977920532,-2.0657401084899902,
771910000,0.19035479736328126,-0.11596359252929687,0.3197655029296875,0.16866226196288886,-0.01970176696777376,-0.015730285644535713,0,0.168,-0.08,0.7,0,0,0,1.8514723743873989,-0.01591774132545823,0.014513411578508537,-0.9120193973297335,0.8315572297848413,0.0,48468,0.03125,152085,-0.8416359424591064,-1.6235030889511108,-2.4155406951904297,
772060000,0.21529377746582032,-0.11836977386474609,0.31783657836914064,0.18995208740234526,-0.017530441284178966,-0.035403442382805905,0,0.194,-0.08,0.7,0,0,0,1.8704505797216957,-0.02058977373146718,0.010403636511857344,-1.1797071359423978,0.5960844637176312,0.0,48792,0.046875,152225,-0.7166925072669983,-1.1294591426849365,-2.4229235649108887,
772190000,0.24131857299804688,-0.12124131774902344,0.31245794677734373,0.18628921508788976,-0.02000694274902487,-0.05649566650390847,0,0.219,-0.08,0.7,0,0,0,1.870929373017849,-0.02500032086408078,0.0015946582974132274,-1.432412871984684,0.09136719020729553,0.0,48801,0.03125,152365,-1.0573750734329224,-0.9083051085472107,-2.2645504474639893,
772330000,0.26534356689453126,-0.12374291229248047,0.3053461608886719,0.1786422729492254,-0.019005203247070973,-0.06086578369140505,0,0.245,-0.08,0.7,0,0,0,1.8737067175706268,-0.03375414611721216,-0.001872660938579935,-1.933970113584152,-0.10729556823963776,0.0,48848,0.046875,152505,-0.8946468234062195,-0.416830837726593,-2.0053470134735107,
772480000,0.2915726013183594,-0.1262291717529297,0.2953272705078125,0.16205902099609704,-0.005575942993166216,-0.0615966796875006,0,0.271,-0.08,0.7,0,0,0,1.8944267518005813,-0.038900991193263,-0.008641879684532358,-2.228862614249554,-0.49514323298355134,0.0,49202,0.0625,152645,-1.1610604524612427,-0.05760732665657997,-1.8563154935836792,
772610000,0.3140462036132812,-0.12713253784179687,0.2849714660644531,0.1520141601562497,0.0008720397949205094,-0.07296142578125386,0,0.297,-0.08,0.7,0,0,0,1.8989201653529628,-0.04228736572464708,-0.010196446575395812,-2.4228875827484537,-0.5842133548008018,0.0,49278,0.046875,152785,-1.874606728553772,0.08895539492368698,-1.857591152191162,
772750000,0.33324481201171874,-0.12510385894775392,0.2752902221679687,0.14933013916015314,0.022413635253906716,-0.07541198730468823,0,0.323,-0.08,0.7,0,0,0,1.9051315003659706,-0.04368030905534318,-0.012919722749311361,-2.5026973566982362,-0.7402455860146975,0.0,49384,0.0625,152925,-2.162672758102417,0.23266415297985077,-2.1290392875671387,
772900000,0.3523946533203125,-0.11828516387939453,0.26438369750976565,0.12230377197265385,0.05680465698242321,-0.0758834838867184,0,0.348,-0.08,0.7,0,0,0,1.9054905766517463,-0.03669669293868662,-0.015141255876020453,-2.1025656274742732,-0.86753005822363,0.0,49390,0.0625,153065,-1.9076491594314575,1.004862666130066,-2.455662488937378,
773040000,0.36572903442382815,-0.10769976043701172,0.25454441833496094,0.0837295532226584,0.08475379943847575,-0.05115432739258019,0,0.374,-0.08,0.7,0,0,0,1.9084288612205957,-0.03282656037396946,-0.018107945570763968,-1.8808233653598392,-1.037508856857388,0.0,49441,0.03125,153215,-1.8169286251068115,1.121302604675293,-2.6543774604797363,
773170000,0.3742728271484375,-0.09297771453857422,0.24531736755371095,0.05153503417968941,0.12096138000488241,-0.06167526245116767,0,0.4,-0.08,0.7,0,0,0,1.913685487613655,-0.023561487860908448,-0.015192278537187034,-1.3499738134787762,-0.8704534413680012,0.0,49530,0.0625,153345,-1.7728220224380493,0.9183258414268494,-2.3241207599639893,
773320000,0.3782929382324219,-0.07487030029296875,0.23678781127929688,0.016751098632808437,0.13710975646972628,-0.041425323486327104,0,0.4,-0.08,0.7,0,0,0,1.9119063230161895,-0.012877228609268335,-0.014317227002582261,-0.7378108511361943,-0.8203166815787017,0.0,49500,0.046875,153495,-1.104107141494751,0.8056120872497559,-2.028965950012207,
773460000,0.3775758056640625,-0.05497019958496094,0.22942353820800782,-0.018057250976560857,0.14824867248535087,-0.06915054321288971,0,0.4,-0.048,0.7,0,0,0,1.9183027754568176,-0.00579260929538198,-0.012955787353038168,-0.33189206499363705,-0.7423119355980553,0.0,49609,0.0625,153615,-0.9469982385635376,0.8213436007499695,-1.9260680675506592,
773580000,0.37177459716796873,-0.03466299819946289,0.22322055053710937,-0.06213378906250455,0.14027595520019476,-0.035604095458982576,0,0.4,-0.016,0.7,0,0,0,1.9142108757891168,-0.002918851613002383,-0.011803528894908082,-0.16723787844998922,-0.6762923890389497,0.0,49539,0.046875,153635,-0.9084919095039368,0.8108243346214294,-1.9271684885025024,
773830000,0.3497618408203125,-0.0034569756984710693,0.21815823364257814,-0.1367584228515628,0.12215086221694944,0.005608367919923696,0,0.4,0.016,0.7,0,0,0,1.9044163949264699,0.005156426598846551,0.005465933390032359,0.295441481482905,0.31317491434848865,0.0,49372,0.046875,153995,-0.30648496747016907,0.8807348012924194,-1.80795419216156,
773970000,0.3291998291015625,0.01415679931640625,0.21856173706054688,-0.15730285644531827,0.12471256256103525,0.011209106445310424,0,0.4,0.048,0.7,0,0,0,1.9022735138112787,0.007975466417720917,0.00878081801427977,0.4569605653837302,0.503103812890675,0.0,49336,0.03125,154145,-0.15761013329029083,0.07871686667203903,-1.2110379934310913,
774110000,0.3053793640136719,0.030071298599243165,0.22172186279296874,-0.18054046630858744,0.1097013473510747,0.028488159179684835,0,0.4,0.08,0.7,0,0,0,1.8968535183498514,0.010801768448529595,0.012518719316693001,0.618895743378321,0.7172697817554068,0.0,49243,0.03125,154275,-0.1005791649222374,-0.4224735200405121,-0.715478777885437,
774250000,0.2799907531738281,0.0434012336730957,0.227204345703125,-0.18449401855469283,0.07424831390380852,0.03683776855468862,0,0.4,0.08,0.7,0,0,0,1.8800168103528059,0.00891737896496159,0.015082291202085077,0.5109281790110375,0.864151631266768,0.0,48956,0.03125,154425,0.3199388086795807,-0.791783332824707,-0.5155090689659119,
774390000,0.2537411346435547,0.05306184387207031,0.23408682250976562,-0.18974227905272922,0.05854911804199121,0.04211502075195245,0,0.374,0.08,0.7,0,0,0,1.883465615853244,0.0059834074127905704,0.016477354910221342,0.3428239918601909,0.9440828938948463,0.0,49015,0.03125,154555,0.4589884579181671,-0.6697264909744263,-0.570442795753479,
774530000,0.227309326171875,0.05873282241821289,0.24201539611816406,-0.18730392456054873,0.028078651428222606,0.07534637451171583,0,0.348,0.08,0.7,0,0,0,1.8687067189976412,-0.00044389033998377947,0.019987274587027738,-0.025433043047697782,1.145186477805775,0.0,48763,0.03125,154705,-0.1966472715139389,-1.1776362657546997,-0.9014596343040466,
774670000,0.20092860412597657,0.06189350509643555,0.25057164001464843,-0.16302032470702915,0.01632633209228615,0.053649902343745615,0,0.323,0.08,0.7,0,0,0,1.8665768898048716,-0.003936211777745442,0.015199106125316482,-0.22552832213450066,0.8708446333520722,0.0,48726,0.03125,154835,-0.3986886739730835,-1.2359250783920288,-1.0167241096496582,
774810000,0.17955906677246095,0.06284369277954102,0.2580971984863281,-0.16407470703125038,0.007043457031250672,0.061035156250002776,0,0.297,0.08,0.7,0,0,0,1.8663864818015048,-0.0035337619584638936,0.008584176540884794,-0.20246964602386522,0.49183708638790885,0.0,48723,0.046875,154985,-0.3111676573753357,-0.6899744868278503,-0.8126750588417053,
774950000,0.1567101593017578,0.06249220657348633,0.26576153564453125,-0.15683670043945414,-0.005341720581053186,0.03925628662110048,0,0.271,0.08,0.7,0,0,0,1.8623143315918964,-0.006758536668384325,0.01026861497727658,-0.38723562678283024,0.5883482996427738,0.0,48654,0.03125,155115,-0.17641101777553558,-0.2979455888271332,-0.8181385397911072,
775090000,0.1329685516357422,0.06080304718017578,0.27230157470703126,-0.17043914794921677,-0.007137870788574349,0.04321441650390889,0,0.245,0.08,0.7,0,0,0,1.8644777704533744,-0.007484424400181673,0.00936575451495959,-0.4288259302151426,0.5366182056627798,0.0,48690,0.03125,155265,-0.18518075346946716,-0.4343140721321106,-0.6910058259963989,
775230000,0.10814468383789062,0.057714595794677734,0.2769915771484375,-0.19061584472656323,-0.022383880615233984,0.024490356445303063,0,0.219,0.08,0.7,0,0,0,1.8664439429909383,-0.012107151712883037,0.014228032818046908,-0.6936886950727835,0.815206231247715,0.0,48724,0.03125,155395,-0.0886191800236702,-0.37143588066101074,-0.3883664309978485,
775350000,0.0823686294555664,0.05359506988525391,0.2800446472167969,-0.16581573486328244,-0.03040904998779341,0.015034484863279962,0,0.194,0.08,0.7,0,0,0,1.866101944419964,-0.013753688225475751,0.013541312130657642,-0.7880282880585351,0.7758600341559873,0.0,48718,0.046875,155545,-0.4938666820526123,-0.558521032333374,-0.14681199193000793,
775510000,0.05643196868896484,0.049377460479736325,0.2818896484375,-0.180739212036133,-0.03215694427490222,0.007728576660151476,0,0.168,0.08,0.7,0,0,0,1.876592867896773,-0.014419959233793089,0.009228332865962228,-0.8262028048470443,0.5287445251615028,0.0,48897,0.03125,155685,-0.42151889204978943,-0.6918779611587524,0.03899974748492241,
775640000,0.03272855377197265,0.04486570739746094,0.2821713562011719,-0.1889869689941405,-0.04369354248046943,0.002055358886721148,0,0.142,0.08,0.7,0,0,0,1.8736945272820686,-0.016528685204528916,0.013048888962522358,-0.9470239031198348,0.7476462648873745,0.0,48848,0.0625,155815,-0.17180003225803375,-0.7205838561058044,0.19770564138889313,
775780000,0.0058543791770935055,0.038466499328613284,0.28073580932617187,-0.16848289966583252,-0.04482135772705016,-0.017732238769532782,0,0.116,0.08,0.7,0,0,0,1.8760552806973225,-0.022592579932790926,0.010818018878294797,-1.2944594784608772,0.6198268244191408,0.0,48888,0.046875,155955,-0.2703544795513153,-0.6712359189987183,0.285098135471344,
775930000,-0.01871774101257324,0.0313810863494873,0.2776297607421875,-0.17547378540039024,-0.04782762527465907,-0.036648559570312544,0,0.09,0.08,0.7,0,0,0,1.8835264278295059,-0.025990261739466943,0.011485627401475606,-1.4891323061117974,0.6580779751643631,0.0,49016,0.015625,156085,-0.46828195452690125,-0.7690379023551941,0.4330413043498993,
776060000,-0.042725120544433594,0.02377508544921875,0.2727874755859375,-0.16776866912841873,-0.050896072387695244,-0.04141235351562411,0,0.065,0.08,0.7,0,0,0,1.8907136875044341,-0.027992098752660746,0.011324212884739449,-1.6038291182408768,0.6488296046032375,0.0,49138,0.078125,156235,-0.9829861521720886,-0.44925427436828613,0.5798221230506897,
776200000,-0.06693964385986328,0.017030277252197266,0.267080322265625,-0.17234916687011853,-0.03751964569091784,-0.04387054443359406,0,0.039,0.08,0.7,0,0,0,1.8936810345642237,-0.027771197551482413,0.009111919344012969,-1.591172411723988,0.5220745216755568,0.0,49189,0.046875,156375,-0.9766994714736938,-0.453806608915329,0.5313119292259216,
776350000,-0.09140235900878907,0.011148662567138671,0.26056494140625,-0.18059463500976689,-0.02928032875061052,-0.05799255371094214,0,0.013,0.08,0.7,0,0,0,1.9023741915308257,-0.02876630704255338,0.007739301916483938,-1.6481879857157655,0.44342933619203917,0.0,49337,0.046875,156515,-0.8405085802078247,-0.6245447397232056,0.505266010761261,
776490000,-0.1158799057006836,0.005994729518890381,0.25299346923828125,-0.17930526733398525,-0.03216586112976069,-0.0638473510742199,0,-0.013,0.08,0.7,0,0,0,1.9066742905334342,-0.028459387701175384,0.007784066679359055,-1.6306028028038715,0.44599416817568727,0.0,49411,0.0625,156655,-0.9713516235351562,-0.48845264315605164,0.5041946172714233,
776620000,-0.1405802001953125,0.0019243583679199219,0.24498162841796875,-0.16648635864257716,-0.016759324073791514,-0.04163665771484554,0,-0.039,0.08,0.7,0,0,0,1.911854692325128,-0.0287200580108117,0.007401192913525189,-1.6455381113904008,0.4240571173071266,0.0,49499,0.0625,156795,-1.3569742441177368,-0.19777438044548035,0.20651865005493164,
776760000,-0.16637245178222657,0.00011438369750976562,0.23746043395996094,-0.18618774414062428,-0.005652347952127455,-0.05319747924804469,0,-0.065,0.08,0.7,0,0,0,1.91416957644315,-0.02596117740285175,0.009127202395740688,-1.4874658963738092,0.5229501760376352,0.0,49539,0.0625,156945,-1.7745343446731567,0.14558982849121094,-0.30002063512802124,
776910000,-0.1957552490234375,0.001987111449241638,0.23146476745605468,-0.19457626342773565,0.03372973799705503,-0.04113845825195611,0,-0.09,0.08,0.7,0,0,0,1.9140541356729055,-0.017954963876988236,0.011326770934363916,-1.0287436514612758,0.6489761700505045,0.0,49537,0.046875,157075,-1.599576473236084,0.12202257663011551,-0.583494246006012,
777050000,-0.22439064025878908,0.006525832176208496,0.227697509765625,-0.2023544311523462,0.04527745246887204,-0.022373199462892568,0,-0.116,0.08,0.7,0,0,0,1.9126304332503152,-0.011323839338876067,0.018199202705199417,-0.6488082020018111,1.0427375055109973,0.0,49512,0.046875,157225,-1.1712051630020142,-0.4046350419521332,-0.8046280741691589,
777190000,-0.25126124572753905,0.012332102775573731,0.22517263793945314,-0.2108863830566396,0.04708199501037595,-0.016305541992187034,0,-0.142,0.08,0.7,0,0,0,1.910650529615007,-0.007252853572725593,0.01780968928733332,-0.41555789914355695,1.0204200306035542,0.0,49479,0.046875,157365,-1.1838109493255615,-0.8086241483688354,-1.1383944749832153,
777330000,-0.2814241638183594,0.021000015258789063,0.22336163330078124,-0.19592590332031812,0.06450309753417965,-0.017460632324217684,0,-0.168,0.08,0.7,0,0,0,1.907445172709879,-0.005298583493340017,0.020810382046144774,-0.3035864715660671,1.192347061298918,0.0,49424,0.078125,157505,-1.022849678993225,-0.8700385689735413,-1.311505675315857,
777470000,-0.3083147277832031,0.029809377670288087,0.2222899627685547,-0.17980041503906086,0.06584510803222636,-0.016254425048824184,0,-0.194,0.08,0.7,0,0,0,1.9036511279623027,-0.007361488995439967,0.022097980217192083,-0.4217822503707102,1.2661210022086926,0.0,49359,0.046875,157645,-0.8869057297706604,-0.765815794467926,-1.2590434551239014,
777610000,-0.3321224670410156,0.038061695098876955,0.22171461486816407,-0.1710739135742212,0.06699562072753906,0.000508880615235352,0,-0.219,0.08,0.7,0,0,0,1.8959788227558334,-0.00959637565673222,0.023643960148402046,-0.5498318237528398,1.3546991274789488,0.0,49228,0.078125,157785,-0.6162941455841064,-1.255812644958496,-0.9707264304161072,
777750000,-0.35573587036132814,0.04638680267333985,0.22062913513183594,-0.15498657226562795,0.057810211181640384,-0.006282043457034314,0,-0.245,0.08,0.7,0,0,0,1.9088669718498088,-0.011031820969974444,0.02500051291418774,-0.6320767819234537,1.4324238756452679,0.0,49448,0.03125,157915,-0.6745127439498901,-1.2655442953109741,-0.5937682390213013,
777890000,-0.3769063720703125,0.05438431549072266,0.21866964721679688,-0.1450286865234407,0.0535200119018555,-0.005438232421871303,0,-0.271,0.08,0.7,0,0,0,1.910269359020541,-0.016839837257281175,0.026449407842440122,-0.9648516025293712,1.5154394399920397,0.0,49472,0.03125,158065,-0.5553234219551086,-1.4346872568130493,-0.30372557044029236,
778020000,-0.3953350830078125,0.06203319931030273,0.21587811279296876,-0.11857604980468894,0.05647735595703078,-0.020425415039061756,0,-0.297,0.08,0.7,0,0,0,1.9074451015789942,-0.021079845843554795,0.02618918309341352,-1.2077861996220804,1.5005296601479643,0.0,49424,0.046875,158195,-1.0796552896499634,-1.4422690868377686,-0.24770285189151764,
778170000,-0.41042431640625,0.06995916748046875,0.21201947021484374,-0.09540405273437136,0.05454940795898422,-0.02976150512695591,0,-0.323,0.08,0.7,0,0,0,1.921851843776462,-0.0224264697349543,0.027302000707378767,-1.2849420651907553,1.5642894127959912,0.0,49670,0.03125,158335,-1.235985517501831,-1.8155689239501953,-0.33807700872421265,
778300000,-0.4211689453125,0.07897074890136718,0.2066037139892578,-0.05434875488280755,0.07072944641113299,-0.049403381347655484,0,-0.348,0.08,0.7,0,0,0,1.9226539110197132,-0.024205847463161987,0.025048748880533538,-1.3868928991766325,1.4351875929376174,0.0,49683,0.046875,158475,-1.4920265674591064,-1.9045040607452393,-0.6584604382514954,
778440000,-0.42787722778320314,0.08940023040771485,0.2004262237548828,-0.0387542724609391,0.07787933349609408,-0.032837677001955334,0,-0.374,0.08,0.7,0,0,0,1.9300687407399235,-0.02052923124475635,0.022332497312182554,-1.1762383069726403,1.2795578419753153,0.0,49810,0.03125,158625,-1.3603321313858032,-1.019247055053711,-0.7929468154907227,
778590000,-0.43273458862304687,0.10154678344726563,0.1953052520751953,-0.03890533447266087,0.0896492004394546,-0.039727020263673196,0,-0.4,0.08,0.7,0,0,0,1.9269848370291887,-0.016556311030097037,0.030579711783678454,-0.9486067463304526,1.752088423931246,0.0,49757,0.046875,158755,-1.2627249956130981,-0.515158474445343,-1.1166507005691528,
778730000,-0.43709405517578126,0.1153158950805664,0.19283580017089844,-0.025364685058590353,0.09985160827636688,0.004059600830079446,0,-0.4,0.08,0.7,0,0,0,1.9278251201694536,-0.011022869553279463,0.03612995047200938,-0.6315639035261684,2.070093676062834,0.0,49772,0.046875,158905,-1.0300194025039673,-0.8779934048652649,-1.3496720790863037,
778860000,-0.4401908569335938,0.1293359832763672,0.19286764526367187,-0.022895812988288355,0.10035171508789298,0.0006599426269487951,0,-0.4,0.112,0.7,0,0,0,1.9178569275816586,-0.009626522835914015,0.03850865705641792,-0.5515591298841813,2.206383524049423,0.0,49602,0.0625,159035,-0.2271532267332077,-1.7359648942947388,-1.1410542726516724,
779010000,-0.4405734252929687,0.141596923828125,0.19463534545898437,-0.0048522949218726685,0.08654556274414194,0.0011154174804697825,0,-0.4,0.144,0.7,0,0,0,1.9153191108983643,-0.00929778260335136,0.04100645783759899,-0.532723702002192,2.3494969668755785,0.0,49558,0.03125,159185,-0.5501375794410706,-1.6514530181884766,-1.0176178216934204,
779150000,-0.43753314208984373,0.15226222229003905,0.1988842010498047,0.04453277587890825,0.07002410888671956,0.026493072509765903,0,-0.4,0.176,0.7,0,0,0,1.9039048956133415,-0.009479925562705072,0.042260847116465945,-0.5431597248411827,2.4213681784211136,0.0,49363,0.046875,159325,-0.6734020709991455,-1.8503270149230957,-0.9214475750923157,
779280000,-0.4305156860351563,0.16152874755859375,0.2052566680908203,0.06809844970702417,0.06829681396484238,0.049404907226562045,0,-0.4,0.208,0.7,0,0,0,1.8989660026672324,-0.007906668246694983,0.040211662128220985,-0.4530187205457249,2.303958527153112,0.0,49279,0.046875,159465,-0.6444652080535889,-2.026479959487915,-0.7368353009223938,
779420000,-0.4189124755859375,0.1692484130859375,0.21326237487792968,0.08676910400390037,0.05128784179687235,0.058318328857417945,0,-0.4,0.24,0.7,0,0,0,1.8882873153539645,-0.007973958792200324,0.0384509031807831,-0.456874184804314,2.2030744707250243,0.0,49097,0.046875,159595,-0.4899095296859741,-2.11905574798584,-0.5895426273345947,
779570000,-0.40232659912109375,0.17469825744628906,0.2222396240234375,0.1404357910156251,0.02347717285156453,0.056323242187497624,0,-0.4,0.24,0.7,0,0,0,1.8811713594595028,-0.01342172397976826,0.03179855777155395,-0.769008137830252,1.8219231549129655,0.0,48975,0.046875,159745,-0.09769420325756073,-2.333796739578247,-0.20763085782527924,
779700000,-0.38068438720703124,0.17718386840820313,0.2308824462890625,0.1651199340820364,0.012227630615237184,0.05977172851562018,0,-0.374,0.24,0.7,0,0,0,1.8790965603476844,-0.01553751212267845,0.024258473281179527,-0.8902338687628282,1.3899081364424608,0.0,48940,0.046875,159875,-0.35393226146698,-1.9832673072814941,0.022584252059459686,
779840000,-0.35482388305664064,0.17772021484375,0.23873435974121093,0.19028320312499958,-0.00013427734375237588,0.04580993652343879,0,-0.348,0.24,0.7,0,0,0,1.873363088825199,-0.016259264869807614,0.01866031383914518,-0.9315872550253023,1.0691572273725811,0.0,48842,0.03125,160015,-0.708558201789856,-1.5743741989135742,0.05166633427143097,
779980000,-0.3279436645507813,0.17736180114746095,0.2450669403076172,0.21999664306640299,-0.011104583740234597,0.036175537109374434,0,-0.323,0.24,0.7,0,0,0,1.8749108786873667,-0.020499457723348585,0.015136024752995544,-1.174532409854733,0.867230336952189,0.0,48869,0.03125,160155,-0.8954593539237976,-1.2649247646331787,0.0041560824029147625,
780120000,-0.2967221374511719,0.17707740783691406,0.25056521606445314,0.22412261962890256,-0.0024200439453114786,0.028455352783209042,0,-0.297,0.24,0.7,0,0,0,1.87571541031729,-0.018910109118589535,0.009626084976199087,-1.0834694426270335,0.5515340423704972,0.0,48882,0.03125,160285,-1.1566646099090576,-0.8922820091247559,0.11159424483776093,
780250000,-0.26384896850585937,0.17743386840820313,0.254248046875,0.2472167968750022,-0.0010353088378919906,0.022340393066408448,0,-0.271,0.24,0.7,0,0,0,1.8788994678495508,-0.01932514290737804,0.0068157201342768335,-1.107249127079939,0.3905119980364013,0.0,48937,0.0625,160435,-0.9099847674369812,-0.9402043223381042,0.428141325712204,
780400000,-0.22978231811523436,0.17834796142578124,0.25562693786621093,0.239624786376956,0.0035591125488274034,0.0176322937011697,0,-0.245,0.24,0.7,0,0,0,1.8843100239120287,-0.016330530886244234,0.00035565287236410893,-0.9356704969898305,0.020377408558168397,0.0,49029,0.0625,160575,-0.8110849261283875,-0.7609559297561646,0.7484338879585266,
780530000,-0.19757940673828125,0.17978211975097655,0.2550552520751953,0.2370727539062492,0.010803222656247113,-0.004003143310549184,0,-0.219,0.24,0.7,0,0,0,1.8895591091776167,-0.012969671813942455,0.0005933291172016,-0.7431074566086854,0.03399525427787465,0.0,49119,0.03125,160705,-0.9345588088035583,-0.2709614634513855,0.8426328301429749,
780670000,-0.1611211700439453,0.1822178497314453,0.2532727813720703,0.23752899169922348,0.025411224365234908,-0.007427978515620048,0,-0.194,0.24,0.7,0,0,0,1.8971183457702303,-0.013698761238654341,-0.005619351234521442,-0.7848812035322976,-0.3219651093397075,0.0,49248,0.046875,160845,-0.8415185213088989,-0.2438727468252182,1.0588926076889038,
780810000,-0.12866439819335937,0.1851812744140625,0.25156068420410155,0.2200874328613267,0.01958694458007726,-0.007398986816406494,0,-0.168,0.24,0.7,0,0,0,1.8963485258699913,-0.008264596741927114,-0.0020520828072871497,-0.47352651268999446,-0.11757568406891153,0.0,49234,0.03125,160985,-1.0311365127563477,0.06074279174208641,1.1204609870910645,
780950000,-0.10078433990478515,0.18948367309570313,0.2511311492919922,0.2105552673339839,0.039508056640623346,-0.014734649658201815,0,-0.142,0.24,0.7,0,0,0,1.8895832714449485,-0.006155715403851421,0.0017194982011068472,-0.3526965125243555,0.0985199898037596,0.0,49119,0.03125,161125,-0.9827873706817627,0.1823265701532364,1.1232807636260986,
781090000,-0.07366178131103515,0.1954252471923828,0.2518992156982422,0.17732353210449317,0.04488067626953057,0.008921051025390092,0,-0.116,0.24,0.7,0,0,0,1.885761242066274,-0.0019028831553046506,0.007148431498289927,-0.10902717370549365,0.40957495499039237,0.0,49054,0.03125,161265,-0.7419435977935791,-0.07880047708749771,1.1949195861816406,
781230000,-0.04864242935180664,0.20170108032226564,0.25351954650878905,0.1674938201904303,0.04284439086914005,0.004988861083976559,0,-0.09,0.24,0.7,0,0,0,1.8779416574289278,-0.0017763716662835647,0.008649551034929395,-0.10177859932466977,0.4955827689844676,0.0,48920,0.03125,161405,-0.34692636132240295,-0.5411049723625183,1.1624876260757446,
781370000,-0.024498979568481447,0.20686106872558593,0.25568055725097655,0.16001176834106406,0.029126739501950105,0.014263153076171653,0,-0.065,0.24,0.7,0,0,0,1.8756228866147115,-0.0004096449852364421,0.01186028300899138,-0.02347092875274705,0.6795441602459267,0.0,48881,0.0625,161545,-0.09793177247047424,-0.9074607491493225,1.2567189931869507,
781500000,-0.00022364000976085664,0.20972091674804688,0.2570904541015625,0.1716494493186474,0.014797973632815764,0.006529235839847214,0,-0.039,0.24,0.7,0,0,0,1.8825219851891535,-0.005530361747914816,0.011743560804116555,-0.3168663873361119,0.6728564705311378,0.0,48998,0.078125,161685,0.06176147609949112,-1.023889422416687,1.281821370124817,
781640000,0.02267473030090332,0.20992137145996093,0.25694894409179686,0.17076692581176767,0.004531097412106833,-0.013793945312504108,0,-0.013,0.24,0.7,0,0,0,1.8847603545449296,-0.01063415104248815,0.011352227566879022,-0.6092919734392156,0.6504347276542354,0.0,49037,0.0625,161825,-0.21104678511619568,-1.0156433582305908,1.085810661315918,
781790000,0.04937478256225586,0.20819732666015625,0.2562939758300781,0.18635559082031233,-0.012154388427734752,-0.004634094238284425,0,0.013,0.24,0.7,0,0,0,1.8822296644099357,-0.011349895915475177,0.010541006034519742,-0.6503011338694994,0.6039551575999134,0.0,48993,0.0625,161965,-0.8759151697158813,-0.7231329679489136,0.6181818246841431,
781930000,0.07409890747070312,0.20640252685546875,0.2555192413330078,0.17009353637695152,-0.01700973510742193,-0.011858367919923007,0,0.039,0.24,0.7,0,0,0,1.890276424861834,-0.014062276700930982,0.011418851095569626,-0.8057091053084963,0.6542519746644758,0.0,49131,0.046875,162105,-0.5405198335647583,-0.8288519382476807,0.3351254165172577,
782060000,0.09866654205322266,0.2042931823730469,0.25451426696777346,0.17546463012695288,-0.016772460937497513,-0.0043968200683558445,0,0.065,0.24,0.7,0,0,0,1.8906913132827265,-0.014456554112723018,0.010479663867407764,-0.8282995369615216,0.6004405103182108,0.0,49138,0.046875,162245,-1.0731443166732788,-0.38962987065315247,-0.041780732572078705,
782200000,0.12249673461914062,0.20293258666992187,0.2539855041503906,0.1660045623779305,-0.008634185791014937,-0.00876464843750091,0,0.09,0.24,0.7,0,0,0,1.8866107727984214,-0.011948218341140272,0.014726939524178589,-0.6845824836481392,0.8437914798798339,0.0,49068,0.03125,162375,-1.1951326131820679,-0.5267432332038879,-0.2834155857563019,
782340000,0.14570219421386718,0.20268075561523438,0.2542305603027344,0.16999969482421745,-0.0006126403808578984,0.014838409423828525,0,0.116,0.24,0.7,0,0,0,1.8833302416642728,-0.012956382077218755,0.01552257860308208,-0.7423460107835773,0.8893782411166803,0.0,49012,0.015625,162515,-0.9798969030380249,-0.7717927694320679,-0.35784152150154114,
782480000,0.16712196350097655,0.20321257019042968,0.2547920379638672,0.1583824157714825,0.005241394042966585,-0.0011260986328170963,0,0.142,0.24,0.7,0,0,0,1.8839097419413537,-0.009934941547304314,0.014917895034716706,-0.5692302203697089,0.854732424708434,0.0,49022,0.03125,162645,-0.8693196773529053,-0.9338541030883789,-0.36793655157089233,
782610000,0.19088270568847657,0.2040694580078125,0.25494430541992186,0.1753669738769531,0.00724182128906542,-0.005513000488285846,0,0.168,0.24,0.7,0,0,0,1.8881298947180911,-0.006549930202544931,0.011715178114572612,-0.37528335671109303,0.6712302622090398,0.0,49094,0.046875,162795,-0.5552094578742981,-1.0828028917312622,-0.10167942196130753,
782760000,0.21537689208984376,0.20448663330078126,0.25420306396484377,0.18001861572265604,0.0035903930664105133,0.001118469238284292,0,0.194,0.24,0.7,0,0,0,1.880947111224363,-0.010452282500712978,0.005841155058409507,-0.5988716735692995,0.3346735323283566,0.0,48972,0.046875,162925,-0.79695725440979,-0.7172647714614868,-0.1381635069847107,
782900000,0.2395821533203125,0.20495616149902343,0.2532847442626953,0.17656707763671897,0.00011672973632831374,0.0071144104003884046,0,0.219,0.24,0.7,0,0,0,1.8863778694795739,-0.005620881218176006,0.00116690537791954,-0.32205277094583806,0.06685875324590797,0.0,49064,0.046875,163075,-0.6476167440414429,-0.5035120248794556,-0.2936466634273529,
783030000,0.2627518310546875,0.20480062866210938,0.25183451843261717,0.1703018188476596,-0.010065460205076204,0.00018157958984466038,0,0.245,0.24,0.7,0,0,0,1.8855529857597637,-0.007608732197370318,-0.005213527976738536,-0.43594824235462015,-0.29871314944049737,0.0,49050,0.078125,163195,-0.20473843812942505,-0.4675014913082123,-0.1328459233045578,
783180000,0.2842938537597656,0.20307591247558593,0.24939932250976563,0.14469299316405837,-0.02120590209960943,-0.02288589477538877,0,0.271,0.24,0.7,0,0,0,1.8749536790435488,-0.009042145069828115,-0.006670697220920494,-0.518076750246176,-0.3822027971683916,0.0,48869,0.046875,163355,-0.22211040556430817,-0.1327754259109497,-0.04297216236591339,
783320000,0.30314279174804687,0.19974165344238282,0.24612480163574219,0.1309738159179702,-0.02287368774413906,-0.02589797973633068,0,0.297,0.24,0.7,0,0,0,1.872397687041695,-0.01128303963049883,-0.012510854659897016,-0.6464705509064308,-0.7168191701136779,0.0,48826,0.046875,163495,-0.551915168762207,0.25759777426719666,-0.14508499205112457,
783460000,0.3179047241210938,0.195945556640625,0.24199996948242186,0.07694549560546826,-0.03310775756835971,-0.0155342102050815,0,0.323,0.24,0.7,0,0,0,1.8654637720764602,-0.011200987770192383,-0.012463714901539944,-0.6417693256096744,-0.7141182609125512,0.0,48707,0.046875,163635,-0.6015437245368958,0.4609765410423279,-0.3716922700405121,
783600000,0.32823052978515627,0.19244070434570312,0.2365513153076172,0.04973144531250362,-0.023395538330077403,-0.03899917602539216,0,0.348,0.24,0.7,0,0,0,1.859582957389307,-0.010863654347031888,-0.01305816530909485,-0.6224415441738773,-0.7481777603952791,0.0,48607,0.0625,163775,-0.59488844871521,0.4814160466194153,-0.42732667922973633,
783730000,0.3339499816894531,0.18919772338867188,0.22923512268066407,0.027006530761713998,-0.025685119628904296,-0.06020355224609364,0,0.374,0.24,0.7,0,0,0,1.8600599537012767,-0.0064853786175305805,-0.00824618829394195,-0.3715848233288908,-0.47247178631305853,0.0,48615,0.046875,163915,-0.819017231464386,0.5330626964569092,-0.7247165441513062,
783880000,0.33485122680664064,0.18683717346191406,0.21989959716796875,-0.009175109863276965,-0.011292266845704113,-0.08705368041992123,0,0.4,0.24,0.7,0,0,0,1.8578005476937354,-0.0030216782700662275,-0.005827034975329054,-0.17312941192118658,-0.33386451116147253,0.0,48576,0.03125,164045,-0.9519143104553223,0.6313973665237427,-1.0192497968673706,
784010000,0.330916015625,0.185548828125,0.20906253051757812,-0.03366394042968179,-0.002708435058591807,-0.06846618652344011,0,0.4,0.24,0.7,0,0,0,1.8502444417026715,-0.003936009559455829,-0.0013551496062015368,-0.22551673587996546,-0.07764435304416359,0.0,48447,0.03125,164195,-0.8683947324752808,0.49907806515693665,-1.4613535404205322,
784150000,0.32251663208007814,0.1853841552734375,0.19709332275390626,-0.07814025878906394,0.009182739257808381,-0.08944625854491878,0,0.388,0.232,0.678,0,0,0,1.8554591906297475,0.002954994327227238,0.003415717088880872,0.16930870343522086,0.19570617320358585,0.0,48537,0.03125,164335,-0.8164794445037842,0.29072320461273193,-1.6452381610870361,
784300000,0.31057028198242187,0.1859761962890625,0.184305419921875,-0.10076141357421575,0.011591339111330368,-0.09262466430664251,0,0.375,0.225,0.656,0,0,0,1.8526501066591452,0.007906855511208398,0.009309752184044439,0.4530294500119962,0.5334095084584467,0.0,48489,0.03125,164465,-0.5457847714424133,0.030086852610111237,-1.6565179824829102,
784430000,0.29582293701171875,0.18615724182128907,0.1709002685546875,-0.11066436767577792,-0.007604980468747802,-0.09571762084960994,0,0.363,0.217,0.634,0,0,0,1.855947319305224,0.008134561122754371,0.01621221990126453,0.46607602052502584,0.928891776880458,0.0,48545,0.046875,164615,-0.04783831164240837,-0.41728731989860535,-1.3455358743667603,
784570000,0.27888751220703123,0.18451918029785155,0.15665191650390625,-0.12792510986328332,-0.01592407226562592,-0.1056625366210942,0,0.35,0.21,0.612,0,0,0,1.8476559568670547,0.008362575899616078,0.017608415421947445,0.4791403049058189,1.0088878875906593,0.0,48403,0.03125,164745,0.38453757762908936,-0.6357282400131226,-1.0670779943466187,
784710000,0.26202740478515624,0.18022267150878907,0.143181396484375,-0.129489135742189,-0.04337005615234202,-0.11796340942382688,0,0.338,0.202,0.591,0,0,0,1.8363643010221926,0.00248284943243294,0.02233368934827963,0.1422567936448593,1.279626140612705,0.0,48211,0.046875,164895,0.2534526288509369,-1.0041612386703491,-0.8647834062576294,
784850000,0.24353965759277343,0.17280149841308592,0.12773028564453126,-0.1407699584960953,-0.061223602294924184,-0.11857070922851459,0,0.325,0.195,0.569,0,0,0,1.839942251307344,-0.0021406717391843568,0.02504616123295364,-0.12265145597819338,1.435039331652422,0.0,48272,0.046875,165005,0.03891775757074356,-1.0682324171066284,-0.9273011088371277,
784970000,0.22543756103515625,0.16291903686523437,0.11175423431396485,-0.12512969970703142,-0.0737442016601586,-0.11095046997070326,0,0.312,0.188,0.547,0,0,0,1.8379677149799867,-0.0053818635941400945,0.025033320532302082,-0.3083580698593356,1.4343036136990968,0.0,48238,0.0625,165165,-0.1216869130730629,-1.4409136772155762,-0.9696343541145325,
785120000,0.20806927490234375,0.15067596435546876,0.09567240142822266,-0.11596298217773082,-0.09446411132812416,-0.1235599517822275,0,0.3,0.18,0.525,0,0,0,1.8386459931164674,-0.011988922912060064,0.02643281739703792,-0.6869146837687342,1.5144888774902512,0.0,48249,0.03125,165305,0.1662716567516327,-1.2777568101882935,-0.5460346937179565,
785270000,0.19162289428710938,0.13578974914550782,0.07994814300537109,-0.10795288085937577,-0.11690444946289291,-0.1046421051025391,0,0.288,0.172,0.503,0,0,0,1.8309328654923462,-0.01931867152990974,0.02699001385522732,-1.1068783444633692,1.5464138829041416,0.0,48118,0.03125,165445,-0.09398754686117172,-1.7475073337554932,-0.3075375258922577,
785390000,0.17691183471679686,0.11897138214111327,0.06690021514892579,-0.10776977539062454,-0.13009834289550992,-0.07198944091796888,0,0.275,0.165,0.481,0,0,0,1.8226018781345026,-0.025263639530606223,0.02357034002405678,-1.4474999202436047,1.3504810050667366,0.0,47976,0.03125,165585,-0.9438660740852356,-1.155089259147644,0.4370676279067993,
785550000,0.164052490234375,0.1019781494140625,0.06196759414672852,-0.08274993896484478,-0.11559982299804775,-0.004659461975097673,0,0.263,0.158,0.459,0,0,0,1.787676118142475,-0.026561613639474024,0.021601645935073133,-1.5218683585989836,1.2376831426156214,0.0,47379,0.03125,165725,-1.3547959327697754,-1.7437993288040161,1.3968225717544556,
785670000,0.15508702087402343,0.08863344573974609,0.06447020721435547,-0.06006698608398281,-0.10257720947265611,0.04932250976562372,0,0.25,0.15,0.438,0,0,0,1.7560347379050172,-0.025546596129704894,0.014170455874843243,-1.4637121391573338,0.8119073154048806,0.0,46839,0.03125,165865,-1.3306589126586914,-1.5561636686325073,1.880334734916687,
785820000,0.14562632751464843,0.07377878570556641,0.07321958923339844,-0.059162902832034236,-0.08204650878906178,0.039758682250977395,0,0.238,0.142,0.416,0,0,0,1.730554845608902,-0.025193213732561122,0.012332844707100742,-1.4434648192467798,0.7066199511071284,0.0,46404,0.03125,165995,-0.7783696055412292,-0.9402043223381042,1.9032074213027954,
785970000,0.13791734313964843,0.06242610931396484,0.08057791137695312,-0.05718917846680022,-0.08172683715820354,0.054318618774414074,0,0.225,0.135,0.394,0,0,0,1.7194831713592449,-0.025387349091832063,0.006547293754591969,-1.4545879559872605,0.37513229937048237,0.0,46215,0.03125,166145,-1.2330775260925293,-0.43013396859169006,1.86992347240448,
786100000,0.13046023559570313,0.0534482307434082,0.08386421966552735,-0.06732330322265778,-0.05288276672363312,0.0013969421386705871,0,0.213,0.128,0.372,0,0,0,1.7172396585692709,-0.023338399833655713,0.01177570042805326,-1.337191811057295,0.6746979353378486,0.0,46176,0.03125,166275,-1.5020793676376343,0.007899858988821507,1.7457700967788696,
786240000,0.1204524154663086,0.04615443801879883,0.08238501739501954,-0.07584762573242254,-0.04335994720458987,-0.026491928100585288,0,0.2,0.12,0.35,0,0,0,1.718842536923808,-0.0173035269891279,0.012816830364195644,-0.9914190671677414,0.7343502866035322,0.0,46204,0.03125,166425,-1.3837344646453857,-0.566574215888977,1.4205132722854614,
786380000,0.11057176208496093,0.042309616088867186,0.0771036376953125,-0.07724037170410217,-0.02950916290283198,-0.06854705810546771,0,0.188,0.112,0.328,0,0,0,1.7226886062694768,-0.010512653541579311,0.014150708271663724,-0.6023306794157522,0.810775861087195,0.0,46269,0.03125,166565,-0.8638436794281006,-0.25221431255340576,1.3583662509918213,
786530000,0.09723379516601563,0.03914717102050781,0.06922296142578124,-0.09897155761718693,