t,x,y,z,mode
0.0,-1.220206,0.379716,-0.506212,GPS
0.1,0.776605,0.725477,1.32294,GPS
0.2,-0.003578,-1.173695,-9.4e-05,GPS
0.3,-0.040671,-0.136144,-1.213593,GPS
0.4,0.48785,0.204646,0.475447,GPS
0.5,-0.058375,-1.783157,-1.875474,GPS
0.6,-0.089482,-0.272359,-1.253481,GPS
0.7,-0.161924,-1.985258,0.356303,GPS
0.8,-0.313019,-0.645229,-1.024695,GPS
0.9,0.372044,-0.878155,0.070234,GPS
1.0,-1.337886,-0.257871,1.205236,GPS
1.1,-0.214298,-0.572371,-1.291165,GPS
1.2,-0.682191,0.295518,-0.268118,GPS
1.3,0.475141,0.474211,-1.571555,GPS
1.4,1.035419,-0.207803,0.415134,GPS
1.5,-0.426513,-0.65723,0.449845,GPS
1.6,-0.334388,0.464797,-2.231903,GPS
1.7,-0.49882,0.173614,0.584336,GPS
1.8,0.374236,-0.660574,0.423919,GPS
1.9,-0.734842,1.126335,0.580825,GPS
2.0,0.309963,-0.404081,0.143909,GPS
2.1,-0.755297,0.273543,-0.95186,GPS
2.2,0.373023,-0.494736,-0.150862,GPS
2.3,-0.167304,-0.123256,-2.043885,GPS
2.4,-0.117343,1.389022,-1.591056,GPS
2.5,-0.298023,0.672508,-0.626483,GPS
2.6,0.653282,-0.14093,0.199492,GPS
2.7,0.273077,0.251672,-0.293379,GPS
2.8,-0.247701,-0.319315,-0.637221,GPS
2.9,0.616916,-2.677346,0.909246,GPS
3.0,-0.791176,-1.031604,-0.698426,GPS
3.0,0.616916,-2.677346,0.90926,IMU
3.01,0.616917,-2.677354,0.910658,IMU
3.02,0.61691,-2.677352,0.912066,IMU
3.03,0.616897,-2.677335,0.913484,IMU
3.04,0.616885,-2.677318,0.914883,IMU
3.05,0.616886,-2.677289,0.916269,IMU
3.06,0.616907,-2.677235,0.917665,IMU
3.07,0.616938,-2.677161,0.919067,IMU
3.08,0.616975,-2.677089,0.920482,IMU
3.09,0.617015,-2.677021,0.921904,IMU
3.1,0.617056,-2.676948,0.923324,IMU
3.11,0.617106,-2.676869,0.924759,IMU
3.12,0.617181,-2.676798,0.926195,IMU
3.13,0.617267,-2.676752,0.927621,IMU
3.14,0.617336,-2.676712,0.929051,IMU
3.15,0.617389,-2.67666,0.930487,IMU
3.16,0.617431,-2.676597,0.931915,IMU
3.17,0.617473,-2.676528,0.933337,IMU
3.18,0.617521,-2.676456,0.934758,IMU
3.19,0.617582,-2.676381,0.936186,IMU
3.2,0.617651,-2.676325,0.937614,IMU
3.21,0.617725,-2.676297,0.939028,IMU
3.22,0.617818,-2.676289,0.940444,IMU
3.23,0.617939,-2.676276,0.941855,IMU
3.24,0.618078,-2.676248,0.943246,IMU
3.25,0.618202,-2.676214,0.944638,IMU
3.26,0.618318,-2.67617,0.94603,IMU
3.27,0.618442,-2.676096,0.94742,IMU
3.28,0.618565,-2.675995,0.948828,IMU
3.29,0.61869,-2.675892,0.950244,IMU
3.3,0.618828,-2.675783,0.951647,IMU
3.31,0.618983,-2.67567,0.953038,IMU
3.32,0.619145,-2.675576,0.954424,IMU
3.33,0.619303,-2.675498,0.955812,IMU
3.34,0.619465,-2.675407,0.957203,IMU
3.35,0.619629,-2.675303,0.958592,IMU
3.36,0.619793,-2.675204,0.959985,IMU
3.37,0.61997,-2.675112,0.961383,IMU
3.38,0.620164,-2.675021,0.962777,IMU
3.39,0.620372,-2.674924,0.964196,IMU
3.4,0.620597,-2.674813,0.965639,IMU
3.41,0.620815,-2.674695,0.96708,IMU
3.42,0.621022,-2.67458,0.968522,IMU
3.43,0.621223,-2.674464,0.969955,IMU
3.44,0.621425,-2.674337,0.971379,IMU
3.45,0.621643,-2.674186,0.972799,IMU
3.46,0.621863,-2.67402,0.974216,IMU
3.47,0.622075,-2.673849,0.975632,IMU
3.48,0.622299,-2.67368,0.977039,IMU
3.49,0.622541,-2.673511,0.978434,IMU
3.5,0.622791,-2.673337,0.979819,IMU
3.51,0.623068,-2.673157,0.98118,IMU
3.52,0.623361,-2.672967,0.982512,IMU
3.53,0.623658,-2.672774,0.983835,IMU
3.54,0.623953,-2.672585,0.985152,IMU
3.55,0.624238,-2.672406,0.986451,IMU
3.56,0.624511,-2.672232,0.987722,IMU
3.57,0.624774,-2.672054,0.988987,IMU
3.58,0.625031,-2.671882,0.990262,IMU
3.59,0.625302,-2.671719,0.991535,IMU
3.6,0.625574,-2.671557,0.992798,IMU
3.61,0.625857,-2.671401,0.994043,IMU
3.62,0.626154,-2.671236,0.995278,IMU
3.63,0.626433,-2.671054,0.996524,IMU
3.64,0.626714,-2.670868,0.997781,IMU
3.65,0.626998,-2.670689,0.999051,IMU
3.66,0.627275,-2.670526,1.000337,IMU
3.67,0.627558,-2.670365,1.001622,IMU
3.68,0.627857,-2.670197,1.002895,IMU
3.69,0.62818,-2.670041,1.00416,IMU
3.7,0.628537,-2.669906,1.005435,IMU
3.71,0.628912,-2.669787,1.006709,IMU
3.72,0.629277,-2.669686,1.007969,IMU
3.73,0.629626,-2.669584,1.009218,IMU
3.74,0.629964,-2.66948,1.010483,IMU
3.75,0.630304,-2.669383,1.011783,IMU
3.76,0.630659,-2.669291,1.013087,IMU
3.77,0.63102,-2.669197,1.014376,IMU
3.78,0.631373,-2.669088,1.015672,IMU
3.79,0.631714,-2.668967,1.016967,IMU
3.8,0.632053,-2.66883,1.018252,IMU
3.81,0.632405,-2.668681,1.019544,IMU
3.82,0.632778,-2.668527,1.020842,IMU
3.83,0.63316,-2.668363,1.022146,IMU
3.84,0.633546,-2.668188,1.023445,IMU
3.85,0.633943,-2.668004,1.024723,IMU
3.86,0.634345,-2.667807,1.025956,IMU
3.87,0.634756,-2.667607,1.027151,IMU
3.88,0.635178,-2.667419,1.028331,IMU
3.89,0.635618,-2.667227,1.029515,IMU
3.9,0.636083,-2.667002,1.030708,IMU
3.91,0.636564,-2.666765,1.031902,IMU
3.92,0.637041,-2.666526,1.033105,IMU
3.93,0.637504,-2.666298,1.034309,IMU
3.94,0.637957,-2.666086,1.035508,IMU
3.95,0.638412,-2.665847,1.036709,IMU
3.96,0.638874,-2.66559,1.037917,IMU
3.97,0.639346,-2.665336,1.039137,IMU
3.98,0.639823,-2.665074,1.040369,IMU
3.99,0.64029,-2.664811,1.041621,IMU
4.0,0.640748,-2.664565,1.042894,IMU
4.01,0.64122,-2.664331,1.044171,IMU
4.02,0.641723,-2.664107,1.045437,IMU
4.03,0.642245,-2.66388,1.04671,IMU
4.04,0.642775,-2.663646,1.048002,IMU
4.05,0.643324,-2.663419,1.0493,IMU
4.06,0.643893,-2.663203,1.050601,IMU
4.07,0.644457,-2.662995,1.051893,IMU
4.08,0.645015,-2.662791,1.053172,IMU
4.09,0.645578,-2.662591,1.054454,IMU
4.1,0.64614,-2.662391,1.055749,IMU
4.11,0.646694,-2.662169,1.057042,IMU
4.12,0.647247,-2.661928,1.058321,IMU
4.13,0.647816,-2.661686,1.059592,IMU
4.14,0.648386,-2.661452,1.060868,IMU
4.15,0.648941,-2.661223,1.062155,IMU
4.16,0.649502,-2.661,1.063447,IMU
4.17,0.650086,-2.660785,1.064744,IMU
4.18,0.650707,-2.660576,1.066048,IMU
4.19,0.651339,-2.660368,1.067362,IMU
4.2,0.651961,-2.660138,1.068681,IMU
4.21,0.652587,-2.659899,1.070011,IMU
4.22,0.65322,-2.659647,1.071361,IMU
4.23,0.65386,-2.659378,1.072728,IMU
4.24,0.654507,-2.659111,1.074098,IMU
4.25,0.655151,-2.658838,1.075486,IMU
4.26,0.655782,-2.658544,1.076897,IMU
4.27,0.65643,-2.658242,1.078311,IMU
4.28,0.657091,-2.657951,1.079733,IMU
4.29,0.657738,-2.657679,1.081153,IMU
4.3,0.658384,-2.657409,1.082558,IMU
4.31,0.659031,-2.657138,1.083974,IMU
4.32,0.659677,-2.656864,1.085394,IMU
4.33,0.660322,-2.656586,1.086813,IMU
4.34,0.660977,-2.656327,1.088233,IMU
4.35,0.661642,-2.656086,1.08965,IMU
4.36,0.662303,-2.655828,1.091068,IMU
4.37,0.662961,-2.655547,1.09249,IMU
4.38,0.663626,-2.655257,1.093914,IMU
4.39,0.66431,-2.654968,1.095334,IMU
4.4,0.664997,-2.654675,1.096747,IMU
4.41,0.665678,-2.654388,1.09817,IMU
4.42,0.666337,-2.654107,1.099626,IMU
4.43,0.666968,-2.653842,1.101105,IMU
4.44,0.667617,-2.653612,1.102598,IMU
4.45,0.668297,-2.653385,1.1041,IMU
4.46,0.668981,-2.653134,1.105616,IMU
4.47,0.669666,-2.652855,1.107151,IMU
4.48,0.67035,-2.652565,1.108695,IMU
4.49,0.67103,-2.652266,1.110254,IMU
4.5,0.671706,-2.651946,1.111833,IMU
4.51,0.672371,-2.651602,1.113399,IMU
4.52,0.67302,-2.651242,1.114958,IMU
4.53,0.673678,-2.650863,1.11653,IMU
4.54,0.674347,-2.650448,1.118095,IMU
4.55,0.675021,-2.650018,1.119663,IMU
4.56,0.675719,-2.649601,1.121238,IMU
4.57,0.67642,-2.649186,1.122818,IMU
4.58,0.67711,-2.648773,1.124423,IMU
4.59,0.677801,-2.648371,1.126053,IMU
4.6,0.678482,-2.647963,1.127686,IMU
4.61,0.679145,-2.647552,1.1293,IMU
4.62,0.679793,-2.647128,1.130904,IMU
4.63,0.680435,-2.646684,1.132508,IMU
4.64,0.68106,-2.646233,1.134108,IMU
4.65,0.681683,-2.645776,1.135703,IMU
4.66,0.682315,-2.645328,1.137304,IMU
4.67,0.682951,-2.644891,1.138924,IMU
4.68,0.683593,-2.644444,1.140552,IMU
4.69,0.684246,-2.643999,1.142181,IMU
4.7,0.684904,-2.643549,1.143801,IMU
4.71,0.685565,-2.643085,1.14538,IMU
4.72,0.686233,-2.642616,1.146943,IMU
4.73,0.686893,-2.642139,1.148527,IMU
4.74,0.687536,-2.641647,1.150119,IMU
4.75,0.688165,-2.641138,1.151702,IMU
4.76,0.688801,-2.640618,1.153278,IMU
4.77,0.689431,-2.640101,1.154838,IMU
4.78,0.690048,-2.639599,1.156399,IMU
4.79,0.69066,-2.639099,1.157972,IMU
4.8,0.691246,-2.638603,1.159543,IMU
4.81,0.691813,-2.638105,1.161129,IMU
4.82,0.692377,-2.637607,1.162723,IMU
4.83,0.692934,-2.637116,1.16431,IMU
4.84,0.693484,-2.636635,1.165917,IMU
4.85,0.694032,-2.636177,1.167539,IMU
4.86,0.694576,-2.635718,1.169159,IMU
4.87,0.695113,-2.635246,1.170777,IMU
4.88,0.695648,-2.634745,1.172378,IMU
4.89,0.696189,-2.63421,1.173969,IMU
4.9,0.696739,-2.633666,1.175563,IMU
4.91,0.697288,-2.633121,1.177153,IMU
4.92,0.697823,-2.632576,1.178742,IMU
4.93,0.69834,-2.632016,1.180326,IMU
4.94,0.698858,-2.631437,1.181905,IMU
4.95,0.69938,-2.630856,1.18349,IMU
4.96,0.699911,-2.630268,1.185082,IMU
4.97,0.700454,-2.629671,1.186663,IMU
4.98,0.700988,-2.629062,1.188237,IMU
4.99,0.701514,-2.628449,1.189805,IMU
5.0,0.70206,-2.627837,1.191373,IMU
5.01,0.702624,-2.627218,1.192942,IMU
5.02,0.703193,-2.626604,1.194519,IMU
5.03,0.703772,-2.625986,1.196113,IMU
5.04,0.704354,-2.625348,1.197703,IMU
5.05,0.704947,-2.62469,1.19929,IMU
5.06,0.705547,-2.624019,1.200883,IMU
5.07,0.706142,-2.623343,1.202451,IMU
5.08,0.706724,-2.622677,1.203983,IMU
5.09,0.707303,-2.622016,1.20551,IMU
5.1,0.707882,-2.621346,1.207056,IMU
5.11,0.708461,-2.620658,1.208615,IMU
5.12,0.70905,-2.61995,1.210169,IMU
5.13,0.709645,-2.619224,1.211715,IMU
5.14,0.710247,-2.618493,1.213248,IMU
5.15,0.710855,-2.617755,1.214749,IMU
5.16,0.711454,-2.616993,1.216227,IMU
5.17,0.71205,-2.616211,1.217711,IMU
5.18,0.712639,-2.615399,1.219201,IMU
5.19,0.713212,-2.61457,1.220678,IMU
5.2,0.713774,-2.613753,1.222142,IMU
5.21,0.714332,-2.612943,1.223603,IMU
5.22,0.71489,-2.612111,1.225084,IMU
5.23,0.715443,-2.611253,1.226593,IMU
5.24,0.716015,-2.610384,1.228132,IMU
5.25,0.716612,-2.609505,1.229685,IMU
5.26,0.717217,-2.608607,1.23124,IMU
5.27,0.717837,-2.607691,1.232792,IMU
5.28,0.71846,-2.606774,1.23434,IMU
5.29,0.719071,-2.605862,1.235885,IMU
5.3,0.719665,-2.604944,1.237425,IMU
5.31,0.720244,-2.60404,1.238967,IMU
5.32,0.720826,-2.603161,1.240506,IMU
5.33,0.721408,-2.602284,1.24205,IMU
5.34,0.72198,-2.601408,1.243608,IMU
5.35,0.722523,-2.60054,1.245175,IMU
5.36,0.723042,-2.599691,1.246734,IMU
5.37,0.723552,-2.598856,1.248301,IMU
5.38,0.72405,-2.598019,1.249874,IMU
5.39,0.724568,-2.597179,1.251418,IMU
5.4,0.725108,-2.596333,1.252954,IMU
5.41,0.725631,-2.595461,1.254514,IMU
5.42,0.726145,-2.594552,1.256089,IMU
5.43,0.726655,-2.593642,1.25767,IMU
5.44,0.727151,-2.592746,1.259249,IMU
5.45,0.727657,-2.591859,1.260823,IMU
5.46,0.728173,-2.590982,1.262393,IMU
5.47,0.728702,-2.5901,1.263956,IMU
5.48,0.729249,-2.589202,1.265529,IMU
5.49,0.729806,-2.588281,1.267108,IMU
5.5,0.73037,-2.587362,1.268683,IMU
5.51,0.730931,-2.586453,1.270248,IMU
5.52,0.731492,-2.585549,1.271793,IMU
5.53,0.732041,-2.584651,1.273312,IMU
5.54,0.732561,-2.583762,1.274827,IMU
5.55,0.733066,-2.582878,1.276339,IMU
5.56,0.733559,-2.581981,1.277841,IMU
5.57,0.734046,-2.58108,1.279351,IMU
5.58,0.734549,-2.580183,1.280889,IMU
5.59,0.735065,-2.579287,1.282456,IMU
5.6,0.735576,-2.578388,1.284032,IMU
5.61,0.736076,-2.57748,1.285599,IMU
5.62,0.736557,-2.576559,1.287156,IMU
5.63,0.737015,-2.575624,1.288694,IMU
5.64,0.737471,-2.574673,1.29021,IMU
5.65,0.737928,-2.573706,1.291717,IMU
5.66,0.738402,-2.572727,1.293211,IMU
5.67,0.738894,-2.571737,1.29471,IMU
5.68,0.739368,-2.570739,1.296215,IMU
5.69,0.739835,-2.569743,1.297714,IMU
5.7,0.740297,-2.568741,1.299212,IMU
5.71,0.740756,-2.567713,1.300716,IMU
5.72,0.741223,-2.566663,1.302231,IMU
5.73,0.741688,-2.565578,1.303728,IMU
5.74,0.742156,-2.564461,1.305203,IMU
5.75,0.74263,-2.563323,1.30667,IMU
5.76,0.743119,-2.562162,1.308139,IMU
5.77,0.743631,-2.560978,1.30963,IMU
5.78,0.744139,-2.55979,1.311139,IMU
5.79,0.744634,-2.558615,1.312653,IMU
5.8,0.745126,-2.557445,1.314152,IMU
5.81,0.745606,-2.556268,1.315639,IMU
5.82,0.746064,-2.555078,1.317117,IMU
5.83,0.746512,-2.553881,1.318564,IMU
5.84,0.746944,-2.552689,1.319993,IMU
5.85,0.747352,-2.551489,1.321428,IMU
5.86,0.747773,-2.550263,1.322855,IMU
5.87,0.748212,-2.549027,1.324271,IMU
5.88,0.748644,-2.547796,1.325688,IMU
5.89,0.749083,-2.546556,1.32712,IMU
5.9,0.749539,-2.545309,1.328571,IMU
5.91,0.749996,-2.544055,1.330023,IMU
5.92,0.750453,-2.542797,1.331452,IMU
5.93,0.750901,-2.541532,1.332882,IMU
5.94,0.751331,-2.540238,1.334311,IMU
5.95,0.75175,-2.538923,1.335739,IMU
5.96,0.752155,-2.537613,1.337178,IMU
5.97,0.752554,-2.536315,1.338607,IMU
5.98,0.752967,-2.535025,1.340047,IMU
5.99,0.753401,-2.533722,1.341504,IMU
6.0,0.753828,-2.532394,1.342977,IMU
6.01,0.754237,-2.531046,1.344458,IMU
6.02,0.754634,-2.529675,1.345927,IMU
6.03,0.755016,-2.528306,1.3474,IMU
6.04,0.755399,-2.526931,1.348897,IMU
6.05,0.755788,-2.525538,1.3504,IMU
6.06,0.756177,-2.524123,1.351885,IMU
6.07,0.756568,-2.522675,1.353358,IMU
6.08,0.756972,-2.521226,1.354814,IMU
6.09,0.757377,-2.519782,1.356256,IMU
6.1,0.757782,-2.518305,1.3577,IMU
6.11,0.758192,-2.516803,1.359139,IMU
6.12,0.75859,-2.51531,1.36058,IMU
6.13,0.758973,-2.51381,1.362018,IMU
6.14,0.759349,-2.51228,1.363447,IMU
6.15,0.75971,-2.510727,1.364871,IMU
6.16,0.760037,-2.509174,1.3663,IMU
6.17,0.760337,-2.507607,1.367722,IMU
6.18,0.760639,-2.506001,1.369122,IMU
6.19,0.760944,-2.504388,1.3705,IMU
6.2,0.761247,-2.502791,1.371881,IMU
6.21,0.761552,-2.501185,1.373284,IMU
6.22,0.761868,-2.499561,1.374693,IMU
6.23,0.762194,-2.497918,1.376099,IMU
6.24,0.762528,-2.496274,1.377508,IMU
6.25,0.76287,-2.494613,1.378922,IMU
6.26,0.763209,-2.492913,1.380336,IMU
6.27,0.76354,-2.4912,1.381754,IMU
6.28,0.763873,-2.489474,1.383186,IMU
6.29,0.764186,-2.487728,1.384628,IMU
6.3,0.764476,-2.485989,1.386079,IMU
6.31,0.764767,-2.484255,1.387547,IMU
6.32,0.765054,-2.482519,1.389035,IMU
6.33,0.765345,-2.480785,1.390548,IMU
6.34,0.76563,-2.479043,1.392077,IMU
6.35,0.765898,-2.477282,1.393618,IMU
6.36,0.766165,-2.475506,1.395172,IMU
6.37,0.766433,-2.473708,1.396721,IMU
6.38,0.766698,-2.471894,1.39828,IMU
6.39,0.766958,-2.470065,1.399853,IMU
6.4,0.767232,-2.468215,1.401424,IMU
6.41,0.767511,-2.466371,1.403002,IMU
6.42,0.767774,-2.464532,1.40457,IMU
6.43,0.76802,-2.462686,1.40611,IMU
6.44,0.768266,-2.460848,1.40763,IMU
6.45,0.768513,-2.459021,1.409137,IMU
6.46,0.768745,-2.457199,1.410653,IMU
6.47,0.76896,-2.455387,1.412185,IMU
6.48,0.769158,-2.453587,1.413726,IMU
6.49,0.769334,-2.451791,1.415264,IMU
6.5,0.769489,-2.449996,1.416785,IMU
6.51,0.769634,-2.448178,1.418295,IMU
6.52,0.769754,-2.446325,1.419799,IMU
6.53,0.76985,-2.444461,1.421312,IMU
6.54,0.769933,-2.442588,1.42285,IMU
6.55,0.770012,-2.4407,1.424401,IMU
6.56,0.770096,-2.438808,1.425949,IMU
6.57,0.770181,-2.436913,1.427501,IMU
6.58,0.770262,-2.434997,1.42906,IMU
6.59,0.770341,-2.433063,1.430631,IMU
6.6,0.770426,-2.431126,1.432211,IMU
6.61,0.770512,-2.429184,1.433805,IMU
6.62,0.770591,-2.427231,1.43541,IMU
6.63,0.770666,-2.425254,1.437004,IMU
6.64,0.770743,-2.423257,1.438597,IMU
6.65,0.770808,-2.421258,1.440185,IMU
6.66,0.770847,-2.41924,1.441771,IMU
6.67,0.770877,-2.417201,1.443363,IMU
6.68,0.770916,-2.415156,1.444957,IMU
6.69,0.770958,-2.413098,1.446551,IMU
6.7,0.770984,-2.411029,1.448148,IMU
6.71,0.771005,-2.408952,1.449744,IMU
6.72,0.771033,-2.406857,1.451333,IMU
6.73,0.771065,-2.404746,1.452915,IMU
6.74,0.771079,-2.402628,1.454492,IMU
6.75,0.771073,-2.400505,1.456062,IMU
6.76,0.77105,-2.398388,1.457618,IMU
6.77,0.771005,-2.396282,1.459169,IMU
6.78,0.770956,-2.394192,1.460719,IMU
6.79,0.770914,-2.392116,1.462266,IMU
6.8,0.770891,-2.390044,1.46381,IMU
6.81,0.77089,-2.38798,1.465359,IMU
6.82,0.770888,-2.385913,1.466942,IMU
6.83,0.770869,-2.383849,1.468524,IMU
6.84,0.77084,-2.381779,1.470083,IMU
6.85,0.770804,-2.379691,1.471657,IMU
6.86,0.770752,-2.377593,1.473235,IMU
6.87,0.7707,-2.375469,1.474813,IMU
6.88,0.77065,-2.373321,1.476389,IMU
6.89,0.77059,-2.371159,1.477947,IMU
6.9,0.770526,-2.368978,1.479505,IMU
6.91,0.770452,-2.366768,1.48106,IMU
6.92,0.77038,-2.364534,1.482618,IMU
6.93,0.770306,-2.362294,1.484178,IMU
6.94,0.770206,-2.360036,1.485726,IMU
6.95,0.770084,-2.357776,1.487262,IMU
6.96,0.769953,-2.355523,1.488772,IMU
6.97,0.769819,-2.353257,1.490273,IMU
6.98,0.769685,-2.350996,1.491777,IMU
6.99,0.769559,-2.348759,1.493262,IMU
7.0,0.769432,-2.346536,1.494705,IMU
7.01,0.769299,-2.344332,1.496078,IMU
7.02,0.769152,-2.342137,1.497368,IMU
7.03,0.768987,-2.339929,1.498572,IMU
7.04,0.768813,-2.337708,1.499694,IMU
7.05,0.768624,-2.335485,1.500727,IMU
7.06,0.768435,-2.333267,1.501671,IMU
7.07,0.768257,-2.33105,1.502555,IMU
7.08,0.768085,-2.328836,1.503404,IMU
7.09,0.767941,-2.326614,1.504201,IMU
7.1,0.767823,-2.324387,1.504944,IMU
7.11,0.767702,-2.322152,1.505647,IMU
7.12,0.767578,-2.319903,1.506302,IMU
7.13,0.767462,-2.317661,1.506913,IMU
7.14,0.767344,-2.315434,1.507481,IMU
7.15,0.767219,-2.313216,1.508006,IMU
7.16,0.767089,-2.31098,1.508496,IMU
7.17,0.766952,-2.308728,1.508959,IMU
7.18,0.766826,-2.306475,1.509392,IMU
7.19,0.76671,-2.304193,1.509787,IMU
7.2,0.766581,-2.301881,1.510155,IMU
7.21,0.766442,-2.299546,1.510515,IMU
7.22,0.766311,-2.297195,1.510862,IMU
7.23,0.766174,-2.294845,1.511191,IMU
7.24,0.766022,-2.292493,1.511493,IMU
7.25,0.76586,-2.290129,1.511773,IMU
7.26,0.765695,-2.28775,1.51205,IMU
7.27,0.765536,-2.285349,1.512311,IMU
7.28,0.76538,-2.282941,1.512558,IMU
7.29,0.765222,-2.28052,1.512791,IMU
7.3,0.76506,-2.278085,1.513019,IMU
7.31,0.764891,-2.275649,1.513251,IMU
7.32,0.764707,-2.273201,1.513472,IMU
7.33,0.764513,-2.270742,1.513686,IMU
7.34,0.764324,-2.268292,1.513882,IMU
7.35,0.764139,-2.265842,1.514041,IMU
7.36,0.763959,-2.263374,1.514181,IMU
7.37,0.763779,-2.260893,1.51433,IMU
7.38,0.763592,-2.258387,1.514478,IMU
7.39,0.763407,-2.255841,1.514607,IMU
7.4,0.763215,-2.253266,1.514688,IMU
7.41,0.762993,-2.250678,1.514686,IMU
7.42,0.762741,-2.248085,1.514596,IMU
7.43,0.762482,-2.245497,1.514412,IMU
7.44,0.762229,-2.242916,1.514111,IMU
7.45,0.761974,-2.240327,1.513703,IMU
7.46,0.761718,-2.23773,1.513206,IMU
7.47,0.761468,-2.235119,1.512631,IMU
7.48,0.761217,-2.232491,1.511981,IMU
7.49,0.760952,-2.229846,1.511263,IMU
7.5,0.760662,-2.227186,1.510492,IMU
7.51,0.760393,-2.224507,1.509689,IMU
7.52,0.760142,-2.221814,1.508843,IMU
7.53,0.759885,-2.21911,1.507949,IMU
7.54,0.759641,-2.21639,1.507032,IMU
7.55,0.759399,-2.213664,1.506088,IMU
7.56,0.759152,-2.210942,1.505102,IMU
7.57,0.758925,-2.20822,1.504098,IMU
7.58,0.758706,-2.205471,1.503077,IMU
7.59,0.75848,-2.202694,1.502033,IMU
7.6,0.758243,-2.199893,1.500969,IMU
7.61,0.757993,-2.197068,1.49988,IMU
7.62,0.757734,-2.194241,1.498775,IMU
7.63,0.75747,-2.191397,1.497658,IMU
7.64,0.757207,-2.188535,1.496532,IMU
7.65,0.756943,-2.185665,1.495409,IMU
7.66,0.756674,-2.182773,1.494304,IMU
7.67,0.756403,-2.179867,1.493212,IMU
7.68,0.756124,-2.176947,1.492121,IMU
7.69,0.755837,-2.174011,1.491038,IMU
7.7,0.755549,-2.171055,1.489958,IMU
7.71,0.755256,-2.168077,1.488876,IMU
7.72,0.754951,-2.165078,1.487783,IMU
7.73,0.754629,-2.16205,1.486675,IMU
7.74,0.754314,-2.159,1.485555,IMU
7.75,0.754005,-2.155939,1.484434,IMU
7.76,0.75369,-2.152866,1.483321,IMU
7.77,0.753386,-2.149793,1.482203,IMU
7.78,0.753086,-2.146729,1.481069,IMU
7.79,0.752777,-2.143649,1.479917,IMU
7.8,0.752454,-2.140548,1.47874,IMU
7.81,0.752109,-2.137441,1.477553,IMU
7.82,0.751746,-2.134331,1.476338,IMU
7.83,0.751371,-2.131222,1.475084,IMU
7.84,0.751001,-2.128111,1.473834,IMU
7.85,0.750643,-2.124995,1.472604,IMU
7.86,0.750297,-2.121872,1.471393,IMU
7.87,0.749958,-2.118744,1.470212,IMU
7.88,0.749625,-2.115612,1.469059,IMU
7.89,0.749301,-2.112479,1.467931,IMU
7.9,0.748959,-2.109352,1.466813,IMU
7.91,0.748601,-2.106219,1.465683,IMU
7.92,0.74823,-2.103087,1.46454,IMU
7.93,0.747845,-2.099961,1.463396,IMU
7.94,0.747481,-2.096836,1.462265,IMU
7.95,0.747138,-2.093735,1.46115,IMU
7.96,0.746809,-2.090648,1.460037,IMU
7.97,0.746489,-2.087548,1.458912,IMU
7.98,0.746162,-2.08443,1.457778,IMU
7.99,0.745841,-2.081301,1.456655,IMU
8.0,0.745519,-2.078178,1.455541,IMU
8.01,0.745193,-2.075062,1.454418,IMU
8.02,0.744857,-2.07193,1.4533,IMU
8.03,0.744512,-2.068781,1.452179,IMU
8.04,0.74417,-2.065635,1.451055,IMU
8.05,0.743828,-2.062495,1.449951,IMU
8.06,0.743482,-2.059362,1.448875,IMU
8.07,0.743128,-2.056237,1.447826,IMU
8.08,0.742758,-2.053105,1.446785,IMU
8.09,0.742369,-2.049971,1.445757,IMU
8.1,0.741968,-2.046841,1.444751,IMU
8.11,0.741537,-2.043705,1.443744,IMU
8.12,0.741082,-2.040559,1.442731,IMU
8.13,0.740621,-2.037406,1.441729,IMU
8.14,0.740142,-2.034259,1.440737,IMU
8.15,0.739643,-2.031116,1.439734,IMU
8.16,0.739151,-2.027975,1.438704,IMU
8.17,0.738664,-2.024836,1.437655,IMU
8.18,0.738173,-2.0217,1.436578,IMU
8.19,0.737681,-2.01856,1.435451,IMU
8.2,0.737188,-2.015396,1.434302,IMU
8.21,0.736701,-2.012219,1.433154,IMU
8.22,0.736228,-2.009045,1.432011,IMU
8.23,0.73577,-2.005867,1.430865,IMU
8.24,0.735307,-2.002679,1.429711,IMU
8.25,0.734841,-1.999477,1.428543,IMU
8.26,0.734384,-1.996262,1.427359,IMU
8.27,0.733932,-1.993047,1.426167,IMU
8.28,0.733465,-1.989836,1.424972,IMU
8.29,0.732992,-1.986609,1.42378,IMU
8.3,0.732526,-1.983346,1.422588,IMU
8.31,0.732051,-1.98007,1.421394,IMU
8.32,0.731554,-1.976788,1.420192,IMU
8.33,0.731055,-1.973492,1.418999,IMU
8.34,0.730566,-1.970185,1.417819,IMU
8.35,0.730081,-1.966867,1.416639,IMU
8.36,0.729621,-1.963524,1.415451,IMU
8.37,0.729166,-1.960165,1.414256,IMU
8.38,0.728698,-1.956807,1.413058,IMU
8.39,0.728208,-1.953426,1.41186,IMU
8.4,0.727709,-1.95001,1.410668,IMU
8.41,0.727223,-1.946587,1.409472,IMU
8.42,0.726739,-1.943169,1.408266,IMU
8.43,0.726263,-1.939737,1.407043,IMU
8.44,0.7258,-1.936291,1.405817,IMU
8.45,0.725343,-1.932845,1.404596,IMU
8.46,0.724888,-1.929388,1.403373,IMU
8.47,0.724428,-1.925919,1.402162,IMU
8.48,0.723953,-1.922447,1.400956,IMU
8.49,0.723471,-1.918982,1.399744,IMU
8.5,0.722983,-1.915521,1.398533,IMU
8.51,0.72248,-1.912047,1.397331,IMU
8.52,0.721975,-1.908565,1.39613,IMU
8.53,0.72147,-1.905071,1.394947,IMU
8.54,0.72096,-1.901564,1.393812,IMU
8.55,0.720422,-1.898062,1.392719,IMU
8.56,0.719863,-1.894536,1.391643,IMU
8.57,0.719297,-1.890968,1.390568,IMU
8.58,0.718734,-1.887367,1.389512,IMU
8.59,0.718182,-1.883737,1.388492,IMU
8.6,0.717633,-1.880091,1.387504,IMU
8.61,0.717077,-1.876432,1.386538,IMU
8.62,0.716514,-1.872766,1.385575,IMU
8.63,0.715948,-1.869096,1.384623,IMU
8.64,0.715373,-1.865411,1.383679,IMU
8.65,0.714786,-1.861712,1.382735,IMU
8.66,0.714199,-1.857996,1.381802,IMU
8.67,0.713612,-1.854256,1.380884,IMU
8.68,0.713003,-1.850501,1.379958,IMU
8.69,0.712372,-1.846735,1.379007,IMU
8.7,0.711726,-1.842953,1.378055,IMU
8.71,0.711075,-1.839171,1.377121,IMU
8.72,0.71042,-1.835385,1.376176,IMU
8.73,0.709758,-1.831584,1.375202,IMU
8.74,0.709096,-1.827765,1.374211,IMU
8.75,0.708437,-1.823931,1.373214,IMU
8.76,0.70777,-1.820075,1.372209,IMU
8.77,0.707086,-1.816182,1.371198,IMU
8.78,0.7064,-1.81226,1.370178,IMU
8.79,0.705728,-1.808332,1.369127,IMU
8.8,0.705067,-1.804398,1.368045,IMU
8.81,0.704412,-1.800446,1.366948,IMU
8.82,0.703778,-1.796483,1.365841,IMU
8.83,0.70315,-1.792511,1.364727,IMU
8.84,0.702533,-1.788516,1.363599,IMU
8.85,0.701926,-1.784496,1.36246,IMU
8.86,0.701303,-1.780474,1.361306,IMU
8.87,0.700672,-1.776451,1.360135,IMU
8.88,0.700035,-1.772436,1.35894,IMU
8.89,0.699391,-1.768436,1.35773,IMU
8.9,0.698742,-1.764423,1.35651,IMU
8.91,0.698096,-1.760393,1.355273,IMU
8.92,0.697445,-1.756365,1.354025,IMU
8.93,0.696786,-1.752334,1.35277,IMU
8.94,0.696117,-1.748276,1.351509,IMU
8.95,0.695444,-1.744199,1.350242,IMU
8.96,0.694775,-1.74011,1.348968,IMU
8.97,0.694112,-1.736019,1.347686,IMU
8.98,0.693459,-1.73192,1.346378,IMU
8.99,0.692808,-1.727803,1.345047,IMU
9.0,0.692164,-1.723665,1.3437,IMU
9.01,0.691504,-1.719512,1.342345,IMU
9.02,0.690823,-1.715361,1.340972,IMU
9.03,0.690155,-1.71122,1.339591,IMU
9.04,0.689495,-1.707072,1.338222,IMU
9.05,0.688814,-1.702912,1.336851,IMU
9.06,0.688102,-1.698761,1.335469,IMU
9.07,0.68738,-1.694605,1.334096,IMU
9.08,0.686655,-1.690452,1.332733,IMU
9.09,0.68593,-1.686314,1.331381,IMU
9.1,0.6852,-1.682175,1.330036,IMU
9.11,0.684463,-1.678042,1.328709,IMU
9.12,0.683705,-1.673911,1.327392,IMU
9.13,0.682935,-1.669778,1.326077,IMU
9.14,0.682171,-1.665647,1.324778,IMU
9.15,0.681419,-1.661506,1.323496,IMU
9.16,0.680675,-1.657355,1.322216,IMU
9.17,0.679909,-1.653206,1.320945,IMU
9.18,0.679136,-1.649059,1.319681,IMU
9.19,0.678358,-1.644916,1.318392,IMU
9.2,0.677567,-1.640779,1.317098,IMU
9.21,0.676771,-1.636633,1.315806,IMU
9.22,0.675969,-1.632453,1.314518,IMU
9.23,0.675172,-1.628243,1.313238,IMU
9.24,0.674376,-1.624027,1.311955,IMU
9.25,0.673571,-1.619797,1.310675,IMU
9.26,0.672764,-1.615552,1.309406,IMU
9.27,0.671965,-1.611307,1.308134,IMU
9.28,0.671161,-1.607062,1.306877,IMU
9.29,0.670356,-1.602802,1.305626,IMU
9.3,0.669554,-1.598553,1.304382,IMU
9.31,0.668755,-1.594317,1.303141,IMU
9.32,0.667955,-1.590088,1.301881,IMU
9.33,0.667141,-1.585851,1.300623,IMU
9.34,0.666329,-1.581596,1.299381,IMU
9.35,0.665525,-1.577326,1.298154,IMU
9.36,0.664717,-1.57304,1.296959,IMU
9.37,0.663905,-1.568755,1.295815,IMU
9.38,0.663096,-1.564441,1.294706,IMU
9.39,0.662295,-1.560098,1.293594,IMU
9.4,0.661503,-1.555768,1.29248,IMU
9.41,0.660711,-1.551435,1.291389,IMU
9.42,0.659914,-1.547097,1.290318,IMU
9.43,0.65911,-1.542769,1.289272,IMU
9.44,0.658307,-1.538453,1.288264,IMU
9.45,0.657514,-1.534147,1.287284,IMU
9.46,0.656725,-1.529831,1.286321,IMU
9.47,0.655926,-1.525487,1.285365,IMU
9.48,0.655119,-1.521113,1.28439,IMU
9.49,0.654309,-1.516727,1.283391,IMU
9.5,0.653493,-1.512326,1.282379,IMU
9.51,0.652662,-1.507914,1.28134,IMU
9.52,0.651817,-1.503496,1.280266,IMU
9.53,0.650968,-1.499068,1.279162,IMU
9.54,0.650128,-1.494633,1.278036,IMU
9.55,0.649298,-1.490198,1.276915,IMU
9.56,0.648449,-1.485758,1.275818,IMU
9.57,0.647577,-1.481319,1.274727,IMU
9.58,0.646692,-1.476871,1.27362,IMU
9.59,0.645801,-1.472405,1.272515,IMU
9.6,0.644908,-1.467928,1.271416,IMU
9.61,0.644003,-1.463434,1.270304,IMU
9.62,0.643086,-1.458912,1.269164,IMU
9.63,0.642152,-1.454377,1.26802,IMU
9.64,0.641178,-1.449836,1.266884,IMU
9.65,0.640181,-1.44528,1.265744,IMU
9.66,0.639175,-1.440714,1.264592,IMU
9.67,0.638145,-1.436141,1.263412,IMU
9.68,0.637106,-1.431567,1.262208,IMU
9.69,0.636062,-1.426997,1.260987,IMU
9.7,0.635007,-1.422414,1.259743,IMU
9.71,0.633965,-1.417823,1.258467,IMU
9.72,0.63294,-1.413239,1.257161,IMU
9.73,0.631927,-1.408648,1.255846,IMU
9.74,0.630914,-1.404038,1.254527,IMU
9.75,0.629885,-1.399411,1.253195,IMU
9.76,0.628845,-1.394784,1.251855,IMU
9.77,0.627802,-1.390152,1.250504,IMU
9.78,0.626748,-1.385504,1.249159,IMU
9.79,0.625683,-1.38084,1.247843,IMU
9.8,0.62462,-1.376164,1.246544,IMU
9.81,0.623561,-1.371479,1.245255,IMU
9.82,0.622507,-1.366794,1.243973,IMU
9.83,0.621452,-1.362103,1.242686,IMU
9.84,0.620392,-1.357402,1.241362,IMU
9.85,0.619327,-1.352698,1.240009,IMU
9.86,0.61824,-1.347987,1.238663,IMU
9.87,0.617125,-1.343262,1.237317,IMU
9.88,0.616021,-1.338521,1.235972,IMU
9.89,0.614935,-1.333753,1.234644,IMU
9.9,0.613844,-1.328951,1.23331,IMU
9.91,0.612745,-1.324128,1.231955,IMU
9.92,0.611652,-1.319293,1.230598,IMU
9.93,0.610549,-1.314456,1.229271,IMU
9.94,0.609427,-1.309625,1.227983,IMU
9.95,0.608285,-1.304798,1.226699,IMU
9.96,0.607123,-1.299957,1.225401,IMU
9.97,0.605955,-1.295085,1.224113,IMU
9.98,0.604775,-1.29018,1.222839,IMU
9.99,0.603582,-1.285265,1.22157,IMU
10.0,0.602398,-1.280349,1.220321,IMU
10.01,0.601232,-1.275437,1.219084,IMU
10.02,0.600064,-1.270536,1.217845,IMU
10.03,0.598887,-1.265621,1.216605,IMU
10.04,0.597704,-1.260693,1.215369,IMU
10.05,0.596519,-1.25577,1.214134,IMU
10.06,0.595328,-1.250851,1.212901,IMU
10.07,0.594136,-1.245914,1.21167,IMU
10.08,0.592951,-1.240966,1.210431,IMU
10.09,0.591776,-1.236016,1.209182,IMU
10.1,0.590602,-1.23107,1.207935,IMU
10.11,0.589422,-1.226137,1.206707,IMU
10.12,0.588234,-1.221195,1.205497,IMU
10.13,0.587015,-1.216225,1.204285,IMU
10.14,0.585765,-1.211234,1.203081,IMU
10.15,0.584511,-1.206245,1.201909,IMU
10.16,0.583281,-1.201239,1.200766,IMU
10.17,0.582068,-1.196211,1.199636,IMU
10.18,0.580858,-1.191174,1.198506,IMU
10.19,0.579653,-1.186123,1.197394,IMU
10.2,0.578448,-1.181072,1.196303,IMU
10.21,0.577246,-1.17601,1.195236,IMU
10.22,0.57606,-1.170938,1.194195,IMU
10.23,0.574888,-1.165844,1.193159,IMU
10.24,0.573725,-1.160715,1.192119,IMU
10.25,0.572546,-1.155565,1.191067,IMU
10.26,0.571365,-1.15039,1.189984,IMU
10.27,0.570182,-1.1452,1.18889,IMU
10.28,0.568983,-1.139984,1.187801,IMU
10.29,0.567792,-1.134737,1.186713,IMU
10.3,0.56661,-1.129475,1.18563,IMU
10.31,0.565423,-1.124197,1.184549,IMU
10.32,0.564226,-1.118902,1.183453,IMU
10.33,0.563016,-1.113588,1.182328,IMU
10.34,0.561803,-1.108256,1.181205,IMU
10.35,0.560596,-1.102896,1.180101,IMU
10.36,0.559397,-1.097521,1.178988,IMU
10.37,0.558212,-1.092146,1.177854,IMU
10.38,0.557025,-1.086765,1.17672,IMU
10.39,0.555824,-1.081369,1.175579,IMU
10.4,0.554616,-1.075955,1.17443,IMU
10.41,0.553402,-1.070528,1.173268,IMU
10.42,0.552191,-1.065069,1.17209,IMU
10.43,0.550983,-1.05958,1.170899,IMU
10.44,0.549769,-1.054062,1.169675,IMU
10.45,0.548539,-1.048525,1.168436,IMU
10.46,0.547292,-1.042973,1.167217,IMU
10.47,0.546025,-1.03739,1.166003,IMU
10.48,0.544728,-1.031791,1.164766,IMU
10.49,0.54342,-1.026197,1.163521,IMU
10.5,0.542121,-1.020612,1.162273,IMU
10.51,0.540821,-1.015019,1.161016,IMU
10.52,0.53951,-1.009412,1.159749,IMU
10.53,0.538174,-1.003801,1.158493,IMU
10.54,0.536814,-0.998183,1.157261,IMU
10.55,0.535449,-0.992547,1.156026,IMU
10.56,0.534069,-0.986897,1.154774,IMU
10.57,0.53267,-0.981252,1.153511,IMU
10.58,0.531279,-0.975583,1.152238,IMU
10.59,0.529897,-0.969872,1.15095,IMU
10.6,0.528511,-0.964133,1.149665,IMU
10.61,0.527126,-0.958377,1.148405,IMU
10.62,0.525727,-0.952613,1.147167,IMU
10.63,0.524318,-0.946834,1.14593,IMU
10.64,0.522915,-0.941031,1.144671,IMU
10.65,0.521498,-0.935206,1.1434,IMU
10.66,0.520052,-0.929379,1.142111,IMU
10.67,0.518581,-0.923544,1.140795,IMU
10.68,0.517102,-0.91768,1.139471,IMU
10.69,0.515628,-0.911807,1.138134,IMU
10.7,0.514155,-0.905937,1.136788,IMU
10.71,0.512691,-0.900043,1.135458,IMU
10.72,0.511218,-0.894123,1.134165,IMU
10.73,0.509721,-0.888212,1.132914,IMU
10.74,0.508214,-0.882322,1.131668,IMU
10.75,0.506696,-0.876427,1.130407,IMU
10.76,0.505157,-0.870517,1.129141,IMU
10.77,0.503619,-0.864597,1.127875,IMU
10.78,0.502097,-0.858659,1.126599,IMU
10.79,0.500585,-0.852701,1.125311,IMU
10.8,0.499074,-0.846731,1.12402,IMU
10.81,0.497564,-0.840771,1.122718,IMU
10.82,0.496065,-0.834829,1.121405,IMU
10.83,0.494563,-0.828868,1.120081,IMU
10.84,0.493049,-0.82289,1.118746,IMU
10.85,0.491541,-0.816914,1.117412,IMU
10.86,0.490041,-0.810928,1.116084,IMU
10.87,0.488554,-0.804944,1.114765,IMU
10.88,0.487075,-0.798959,1.113453,IMU
10.89,0.485575,-0.792956,1.112166,IMU
10.9,0.484056,-0.786937,1.110895,IMU
10.91,0.48252,-0.780906,1.109607,IMU
10.92,0.480974,-0.774877,1.108291,IMU
10.93,0.479425,-0.768859,1.106975,IMU
10.94,0.477863,-0.762829,1.10568,IMU
10.95,0.476283,-0.756783,1.104395,IMU
10.96,0.474694,-0.750727,1.103116,IMU
10.97,0.473091,-0.744656,1.101838,IMU
10.98,0.471473,-0.738567,1.100567,IMU
10.99,0.469843,-0.732472,1.099293,IMU
11.0,0.468208,-0.726365,1.098021,IMU
11.01,0.466586,-0.720235,1.096763,IMU
11.02,0.464977,-0.714109,1.095523,IMU
11.03,0.463387,-0.707981,1.094299,IMU
11.04,0.461811,-0.701837,1.093081,IMU
11.05,0.460227,-0.69568,1.091863,IMU
11.06,0.458632,-0.689515,1.090643,IMU
11.07,0.457034,-0.68334,1.089445,IMU
11.08,0.455435,-0.677145,1.088283,IMU
11.09,0.453838,-0.670926,1.087138,IMU
11.1,0.452244,-0.66469,1.086001,IMU
11.11,0.450636,-0.658442,1.084899,IMU
11.12,0.449024,-0.652199,1.083855,IMU
11.13,0.447442,-0.645947,1.082865,IMU
11.14,0.445884,-0.639677,1.081901,IMU
11.15,0.444319,-0.633396,1.080929,IMU
11.16,0.442749,-0.627093,1.079939,IMU
11.17,0.44119,-0.620777,1.078942,IMU
11.18,0.439645,-0.61446,1.077945,IMU
11.19,0.43809,-0.608127,1.076942,IMU
11.2,0.436507,-0.601787,1.07592,IMU
11.21,0.434924,-0.59545,1.074874,IMU
11.22,0.433347,-0.589106,1.073841,IMU
11.23,0.431766,-0.582745,1.072838,IMU
11.24,0.430197,-0.576378,1.071835,IMU
11.25,0.428627,-0.570013,1.070834,IMU
11.26,0.427052,-0.563632,1.069836,IMU
11.27,0.425481,-0.557236,1.068835,IMU
11.28,0.423902,-0.550822,1.067832,IMU
11.29,0.422323,-0.544384,1.066842,IMU
11.3,0.420745,-0.537921,1.065852,IMU
11.31,0.419159,-0.531441,1.064832,IMU
11.32,0.417564,-0.524965,1.063796,IMU
11.33,0.415981,-0.518483,1.06276,IMU
11.34,0.414392,-0.511967,1.061728,IMU
11.35,0.412778,-0.505419,1.060688,IMU
11.36,0.411155,-0.498853,1.059661,IMU
11.37,0.40953,-0.492299,1.058659,IMU
11.38,0.40791,-0.485773,1.057662,IMU
11.39,0.40629,-0.479254,1.05664,IMU
11.4,0.404662,-0.472738,1.055601,IMU
11.41,0.403021,-0.466219,1.054572,IMU
11.42,0.401351,-0.45971,1.053537,IMU
11.43,0.399652,-0.453209,1.052488,IMU
11.44,0.397945,-0.446686,1.051427,IMU
11.45,0.396235,-0.44014,1.050352,IMU
11.46,0.394518,-0.433576,1.049252,IMU
11.47,0.392797,-0.42699,1.048126,IMU
11.48,0.39108,-0.420414,1.046978,IMU
11.49,0.389359,-0.413843,1.045811,IMU
11.5,0.387628,-0.407249,1.044638,IMU
11.51,0.385883,-0.400649,1.043458,IMU
11.52,0.384128,-0.394053,1.042277,IMU
11.53,0.382365,-0.387456,1.041091,IMU
11.54,0.380591,-0.380853,1.0399,IMU
11.55,0.378808,-0.37424,1.038714,IMU
11.56,0.37701,-0.367618,1.037518,IMU
11.57,0.375226,-0.360999,1.036312,IMU
11.58,0.373461,-0.3544,1.035098,IMU
11.59,0.371679,-0.347795,1.033879,IMU
11.6,0.369878,-0.341168,1.032668,IMU
11.61,0.368076,-0.33454,1.031452,IMU
11.62,0.366294,-0.327903,1.030232,IMU
11.63,0.364534,-0.321226,1.029015,IMU
11.64,0.362758,-0.314508,1.027788,IMU
11.65,0.360929,-0.307761,1.02655,IMU
11.66,0.359065,-0.300996,1.025318,IMU
11.67,0.357203,-0.29422,1.024089,IMU
11.68,0.35534,-0.287431,1.022849,IMU
11.69,0.353469,-0.280643,1.021611,IMU
11.7,0.351599,-0.27385,1.020398,IMU
11.71,0.349721,-0.267051,1.01919,IMU
11.72,0.347817,-0.260257,1.017962,IMU
11.73,0.345896,-0.253466,1.016705,IMU
11.74,0.343967,-0.246676,1.015426,IMU
11.75,0.342026,-0.239889,1.014128,IMU
11.76,0.340063,-0.233103,1.012809,IMU
11.77,0.338079,-0.226306,1.011457,IMU
11.78,0.336075,-0.219482,1.010068,IMU
11.79,0.334068,-0.212631,1.008657,IMU
11.8,0.332058,-0.205764,1.007253,IMU
11.81,0.330041,-0.198873,1.005872,IMU
11.82,0.328033,-0.191975,1.004509,IMU
11.83,0.326027,-0.185069,1.003151,IMU
11.84,0.324003,-0.178137,1.001792,IMU
11.85,0.321964,-0.171186,1.000443,IMU
11.86,0.319903,-0.164216,0.999109,IMU
11.87,0.317819,-0.157218,0.997773,IMU
11.88,0.315734,-0.150205,0.996419,IMU
11.89,0.313641,-0.143195,0.995061,IMU
11.9,0.311519,-0.136163,0.99369,IMU
11.91,0.309374,-0.129091,0.992309,IMU
11.92,0.307229,-0.12199,0.990948,IMU
11.93,0.305099,-0.114859,0.989594,IMU
11.94,0.302977,-0.107688,0.988232,IMU
11.95,0.300841,-0.100477,0.98687,IMU
11.96,0.298706,-0.093237,0.985506,IMU
11.97,0.296587,-0.085985,0.984136,IMU
11.98,0.294455,-0.078729,0.982759,IMU
11.99,0.292315,-0.07148,0.981382,IMU
12.0,0.290171,-0.064237,0.980012,IMU
12.01,0.288006,-0.056977,0.978646,IMU
12.02,0.285828,-0.049685,0.977288,IMU
12.03,0.283645,-0.042372,0.97592,IMU
12.04,0.281459,-0.035041,0.974531,IMU
12.05,0.279287,-0.027681,0.973139,IMU
12.06,0.277126,-0.020307,0.971766,IMU
12.07,0.274964,-0.012914,0.970418,IMU
12.08,0.272798,-0.005482,0.969072,IMU
12.09,0.270618,0.001963,0.96772,IMU
12.1,0.268444,0.009388,0.966364,IMU
12.11,0.266269,0.016802,0.965001,IMU
12.12,0.264076,0.024234,0.963616,IMU
12.13,0.261865,0.031675,0.962208,IMU
12.14,0.259627,0.039132,0.960782,IMU
12.15,0.257382,0.046606,0.959367,IMU
12.16,0.255127,0.054103,0.958003,IMU
12.17,0.252861,0.061623,0.956697,IMU
12.18,0.250585,0.069154,0.955418,IMU
12.19,0.248297,0.076698,0.954146,IMU
12.2,0.245997,0.084261,0.952899,IMU
12.21,0.243686,0.091842,0.951671,IMU
12.22,0.241352,0.099425,0.950443,IMU
12.23,0.238989,0.107004,0.949205,IMU
12.24,0.236608,0.11458,0.94794,IMU
12.25,0.234201,0.122159,0.94665,IMU
12.26,0.231769,0.129751,0.94536,IMU
12.27,0.229324,0.137371,0.944067,IMU
12.28,0.226873,0.145031,0.942764,IMU
12.29,0.224428,0.152705,0.941463,IMU
12.3,0.22198,0.160378,0.940179,IMU
12.31,0.219535,0.168051,0.938916,IMU
12.32,0.217086,0.175718,0.937642,IMU
12.33,0.214633,0.183395,0.93636,IMU
12.34,0.212193,0.191071,0.935084,IMU
12.35,0.209774,0.198737,0.93379,IMU
12.36,0.207356,0.206423,0.932489,IMU
12.37,0.204921,0.214145,0.931198,IMU
12.38,0.202478,0.221884,0.929906,IMU
12.39,0.200041,0.229609,0.928608,IMU
12.4,0.19761,0.237323,0.927316,IMU
12.41,0.195167,0.245042,0.926043,IMU
12.42,0.192702,0.252779,0.924771,IMU
12.43,0.190219,0.260531,0.923492,IMU
12.44,0.187721,0.268323,0.922218,IMU
12.45,0.185225,0.276172,0.920961,IMU
12.46,0.18275,0.28404,0.919719,IMU
12.47,0.180289,0.291929,0.918484,IMU
12.48,0.177824,0.299842,0.91726,IMU
12.49,0.175356,0.307761,0.916032,IMU
12.5,0.172879,0.315684,0.914792,IMU
12.51,0.17038,0.323622,0.913578,IMU
12.52,0.16786,0.33159,0.912393,IMU
12.53,0.165313,0.339574,0.911229,IMU
12.54,0.162748,0.347573,0.910083,IMU
12.55,0.160191,0.355595,0.908938,IMU
12.56,0.157639,0.363637,0.907776,IMU
12.57,0.155087,0.371698,0.906586,IMU
12.58,0.15255,0.379764,0.905357,IMU
12.59,0.149996,0.387826,0.904097,IMU
12.6,0.147424,0.395886,0.902819,IMU
12.61,0.144861,0.403953,0.901512,IMU
12.62,0.142303,0.412041,0.900179,IMU
12.63,0.139735,0.420147,0.898842,IMU
12.64,0.137172,0.42826,0.897519,IMU
12.65,0.134617,0.436386,0.8962,IMU
12.66,0.132057,0.444521,0.894868,IMU
12.67,0.129497,0.452669,0.89352,IMU
12.68,0.126934,0.460835,0.892165,IMU
12.69,0.12438,0.469005,0.89082,IMU
12.7,0.121825,0.477182,0.889474,IMU
12.71,0.119244,0.485364,0.888091,IMU
12.72,0.116651,0.493542,0.886689,IMU
12.73,0.114047,0.501735,0.885297,IMU
12.74,0.11142,0.509944,0.883905,IMU
12.75,0.108776,0.518166,0.882502,IMU
12.76,0.106137,0.526428,0.881101,IMU
12.77,0.103511,0.534724,0.879714,IMU
12.78,0.100876,0.543036,0.878344,IMU
12.79,0.098214,0.551365,0.877002,IMU
12.8,0.095548,0.559706,0.875701,IMU
12.81,0.092894,0.568044,0.874426,IMU
12.82,0.090236,0.576387,0.873145,IMU
12.83,0.087575,0.584757,0.871858,IMU
12.84,0.084912,0.593146,0.870566,IMU
12.85,0.08225,0.601543,0.869265,IMU
12.86,0.079605,0.609954,0.867953,IMU
12.87,0.07697,0.618387,0.866649,IMU
12.88,0.07435,0.626844,0.865352,IMU
12.89,0.071744,0.635301,0.864046,IMU
12.9,0.069134,0.643768,0.862755,IMU
12.91,0.066525,0.652264,0.861495,IMU
12.92,0.063918,0.660766,0.860242,IMU
12.93,0.061304,0.669252,0.858988,IMU
12.94,0.058699,0.677734,0.857736,IMU
12.95,0.056102,0.686235,0.85647,IMU
12.96,0.05351,0.694751,0.855174,IMU
12.97,0.050925,0.703262,0.853849,IMU
12.98,0.04833,0.711789,0.852501,IMU
12.99,0.045725,0.720318,0.851121,IMU
13.0,0.043136,0.728842,0.849723,IMU
13.01,0.040571,0.737379,0.848326,IMU
13.02,0.038011,0.745921,0.846914,IMU
13.03,0.035453,0.754467,0.845476,IMU
13.04,0.032869,0.762991,0.84402,IMU
13.05,0.030252,0.771494,0.842555,IMU
13.06,0.027606,0.780004,0.841071,IMU
13.07,0.024929,0.788518,0.83959,IMU
13.08,0.022236,0.797028,0.838132,IMU
13.09,0.019519,0.80556,0.836689,IMU
13.1,0.0168,0.814128,0.835229,IMU
13.11,0.014089,0.82272,0.833747,IMU
13.12,0.011369,0.831343,0.832264,IMU
13.13,0.008624,0.839985,0.830798,IMU
13.14,0.005851,0.848632,0.829375,IMU
13.15,0.003078,0.857301,0.827992,IMU
13.16,0.000316,0.865983,0.826647,IMU
13.17,-0.002456,0.87467,0.825334,IMU
13.18,-0.005253,0.88336,0.824033,IMU
13.19,-0.008069,0.892059,0.82274,IMU
13.2,-0.010902,0.900765,0.821453,IMU
13.21,-0.013771,0.909462,0.820166,IMU
13.22,-0.016659,0.918163,0.818881,IMU
13.23,-0.019559,0.926871,0.81762,IMU
13.24,-0.022481,0.935569,0.816376,IMU
13.25,-0.025407,0.944274,0.815121,IMU
13.26,-0.028325,0.953003,0.813843,IMU
13.27,-0.031231,0.96175,0.812552,IMU
13.28,-0.034133,0.970521,0.811245,IMU
13.29,-0.037024,0.979319,0.809902,IMU
13.3,-0.039905,0.988123,0.808539,IMU
13.31,-0.042781,0.996912,0.807172,IMU
13.32,-0.04565,1.00569,0.805804,IMU
13.33,-0.048536,1.014473,0.804439,IMU
13.34,-0.051454,1.02327,0.803061,IMU
13.35,-0.054401,1.032062,0.801677,IMU
13.36,-0.05734,1.040844,0.800307,IMU
13.37,-0.060265,1.049635,0.798958,IMU
13.38,-0.0632,1.058446,0.797642,IMU
13.39,-0.066136,1.067269,0.796334,IMU
13.4,-0.069068,1.076099,0.795047,IMU
13.41,-0.072002,1.084926,0.793794,IMU
13.42,-0.074944,1.093753,0.79253,IMU
13.43,-0.077898,1.102591,0.791258,IMU
13.44,-0.080856,1.111445,0.789995,IMU
13.45,-0.083811,1.120317,0.788737,IMU
13.46,-0.086785,1.129199,0.787486,IMU
13.47,-0.089796,1.138118,0.78623,IMU
13.48,-0.092831,1.147073,0.784956,IMU
13.49,-0.095895,1.156031,0.783678,IMU
13.5,-0.098994,1.165012,0.782398,IMU
13.51,-0.102103,1.174024,0.78111,IMU
13.52,-0.105208,1.183057,0.779798,IMU
13.53,-0.108322,1.192099,0.778475,IMU
13.54,-0.111447,1.201142,0.777146,IMU
13.55,-0.11458,1.210188,0.775807,IMU
13.56,-0.11773,1.219233,0.774445,IMU
13.57,-0.120921,1.228266,0.773077,IMU
13.58,-0.124141,1.237296,0.771728,IMU
13.59,-0.127365,1.24634,0.770379,IMU
13.6,-0.130576,1.255408,0.769031,IMU
13.61,-0.13377,1.264482,0.767692,IMU
13.62,-0.13695,1.273543,0.76637,IMU
13.63,-0.140133,1.282598,0.765059,IMU
13.64,-0.143329,1.291632,0.763735,IMU
13.65,-0.14652,1.300666,0.762386,IMU
13.66,-0.149724,1.309715,0.761009,IMU
13.67,-0.152942,1.318762,0.759614,IMU
13.68,-0.156145,1.327819,0.758216,IMU
13.69,-0.159331,1.336889,0.756816,IMU
13.7,-0.162524,1.345972,0.755419,IMU
13.71,-0.165735,1.35507,0.754035,IMU
13.72,-0.16894,1.364162,0.752653,IMU
13.73,-0.17212,1.373255,0.751292,IMU
13.74,-0.175285,1.382342,0.74996,IMU
13.75,-0.178455,1.391428,0.748624,IMU
13.76,-0.181634,1.400532,0.747284,IMU
13.77,-0.18483,1.409658,0.745953,IMU
13.78,-0.188042,1.418814,0.744619,IMU
13.79,-0.191272,1.427994,0.743269,IMU
13.8,-0.194524,1.437186,0.741903,IMU
13.81,-0.197799,1.446386,0.740517,IMU
13.82,-0.201099,1.455589,0.739115,IMU
13.83,-0.204419,1.464795,0.737712,IMU
13.84,-0.20775,1.474021,0.736303,IMU
13.85,-0.211088,1.483258,0.734891,IMU
13.86,-0.214447,1.492489,0.733476,IMU
13.87,-0.217847,1.501723,0.732042,IMU
13.88,-0.221256,1.510958,0.730596,IMU
13.89,-0.224658,1.520204,0.729132,IMU
13.9,-0.228062,1.529483,0.727647,IMU
13.91,-0.231468,1.53879,0.726172,IMU
13.92,-0.234869,1.548102,0.724694,IMU
13.93,-0.238261,1.557422,0.7232,IMU
13.94,-0.24166,1.566751,0.721718,IMU
13.95,-0.245066,1.576079,0.720264,IMU
13.96,-0.248488,1.585423,0.718822,IMU
13.97,-0.251952,1.594775,0.717393,IMU
13.98,-0.255454,1.604126,0.715999,IMU
13.99,-0.258971,1.61348,0.714621,IMU
14.0,-0.262495,1.622835,0.713237,IMU
14.01,-0.266029,1.632196,0.71186,IMU
14.02,-0.269569,1.641566,0.710485,IMU
14.03,-0.273107,1.650934,0.709102,IMU
14.04,-0.276652,1.660312,0.707715,IMU
14.05,-0.280208,1.6697,0.706322,IMU
14.06,-0.283766,1.679096,0.704923,IMU
14.07,-0.287309,1.688511,0.703512,IMU
14.08,-0.290848,1.697935,0.70208,IMU
14.09,-0.294401,1.707361,0.700614,IMU
14.1,-0.297978,1.716775,0.699132,IMU
14.11,-0.301574,1.726186,0.697652,IMU
14.12,-0.305176,1.735608,0.69616,IMU
14.13,-0.308783,1.745035,0.694656,IMU
14.14,-0.31241,1.754461,0.693138,IMU
14.15,-0.316043,1.763862,0.691622,IMU
14.16,-0.31967,1.773249,0.690134,IMU
14.17,-0.323302,1.782638,0.688681,IMU
14.18,-0.326943,1.792028,0.687239,IMU
14.19,-0.33059,1.801421,0.685791,IMU
14.2,-0.334248,1.810829,0.684377,IMU
14.21,-0.337922,1.820253,0.683003,IMU
14.22,-0.341615,1.829683,0.681637,IMU
14.23,-0.345329,1.839119,0.680275,IMU
14.24,-0.349069,1.848566,0.678912,IMU
14.25,-0.352826,1.858028,0.677524,IMU
14.26,-0.356605,1.867499,0.67612,IMU
14.27,-0.360412,1.876964,0.674704,IMU
14.28,-0.364234,1.886436,0.673266,IMU
14.29,-0.368072,1.895922,0.671815,IMU
14.3,-0.371935,1.905419,0.670336,IMU
14.31,-0.375814,1.914935,0.668829,IMU
14.32,-0.379707,1.924467,0.667323,IMU
14.33,-0.383625,1.934014,0.665821,IMU
14.34,-0.387566,1.943593,0.664313,IMU
14.35,-0.39151,1.953197,0.662792,IMU
14.36,-0.395453,1.962808,0.661271,IMU
14.37,-0.399406,1.972449,0.659754,IMU
14.38,-0.403374,1.982109,0.658215,IMU
14.39,-0.407351,1.991772,0.656667,IMU
14.4,-0.411334,2.001441,0.655124,IMU
14.41,-0.415344,2.011115,0.653576,IMU
14.42,-0.419381,2.02079,0.652007,IMU
14.43,-0.423425,2.030464,0.650425,IMU
14.44,-0.427484,2.040145,0.648859,IMU
14.45,-0.431564,2.049846,0.647311,IMU
14.46,-0.435639,2.059555,0.64576,IMU
14.47,-0.439705,2.069262,0.64421,IMU
14.48,-0.443772,2.07899,0.642654,IMU
14.49,-0.447829,2.088758,0.641075,IMU
14.5,-0.451892,2.098542,0.639491,IMU
14.51,-0.455961,2.10834,0.637901,IMU
14.52,-0.460031,2.118167,0.636293,IMU
14.53,-0.464125,2.128006,0.634692,IMU
14.54,-0.468231,2.137857,0.633118,IMU
14.55,-0.472337,2.14773,0.631571,IMU
14.56,-0.476446,2.15762,0.630037,IMU
14.57,-0.480573,2.167516,0.62851,IMU
14.58,-0.484731,2.177408,0.626985,IMU
14.59,-0.4889,2.187291,0.62545,IMU
14.6,-0.493081,2.197174,0.62391,IMU
14.61,-0.497275,2.207062,0.622371,IMU
14.62,-0.501462,2.216954,0.620822,IMU
14.63,-0.505647,2.226856,0.619286,IMU
14.64,-0.509844,2.236753,0.617795,IMU
14.65,-0.514049,2.24665,0.616347,IMU
14.66,-0.518258,2.256575,0.61493,IMU
14.67,-0.522484,2.266528,0.613536,IMU
14.68,-0.526726,2.276498,0.612173,IMU
14.69,-0.530981,2.286478,0.610823,IMU
14.7,-0.535252,2.296467,0.609486,IMU
14.71,-0.539536,2.306451,0.608168,IMU
14.72,-0.543837,2.316429,0.606866,IMU
14.73,-0.548158,2.326414,0.605578,IMU
14.74,-0.552498,2.336401,0.604276,IMU
14.75,-0.556856,2.3464,0.602951,IMU
14.76,-0.561235,2.35641,0.601607,IMU
14.77,-0.565621,2.366422,0.600233,IMU
14.78,-0.57001,2.376438,0.598837,IMU
14.79,-0.574409,2.38646,0.59742,IMU
14.8,-0.578806,2.396489,0.595969,IMU
14.81,-0.583211,2.406519,0.594483,IMU
14.82,-0.587632,2.416548,0.592971,IMU
14.83,-0.59207,2.426581,0.591439,IMU
14.84,-0.596536,2.436624,0.589893,IMU
14.85,-0.601022,2.446691,0.588341,IMU
14.86,-0.605503,2.456764,0.586777,IMU
14.87,-0.609984,2.466827,0.585215,IMU
14.88,-0.614483,2.476888,0.583662,IMU
14.89,-0.618995,2.486953,0.582095,IMU
14.9,-0.623513,2.497009,0.580524,IMU
14.91,-0.628047,2.50705,0.578946,IMU
14.92,-0.632596,2.517101,0.577356,IMU
14.93,-0.637152,2.527182,0.575762,IMU
14.94,-0.641718,2.537296,0.574154,IMU
14.95,-0.646284,2.54745,0.572535,IMU
14.96,-0.650854,2.557642,0.570917,IMU
14.97,-0.65544,2.567857,0.569286,IMU
14.98,-0.660043,2.578079,0.567644,IMU
14.99,-0.664661,2.588318,0.566016,IMU
15.0,-0.669282,2.59858,0.564418,IMU
15.01,-0.673893,2.60885,0.56286,IMU
15.02,-0.678505,2.619131,0.561345,IMU
